id,first_name,last_name,email,gender,address,city,state,postal_code,phone
1,Shandeigh,Habeshaw,shabeshaw0@google.com,Female,93353 East Lane,Las Vegas,NV,89145,+1 (702) 225-0358
2,Bernetta,Antonucci,bantonucci1@cpanel.net,Female,8676 Corben Park,Boulder,CO,80310,+1 (303) 667-5220
3,Shirlene,Klemps,sklemps2@mac.com,Female,5 Caliangt Lane,San Francisco,CA,94132,+1 (415) 266-3151
4,Jervis,Stredder,jstredder3@rediff.com,Male,552 Hermina Trail,Minneapolis,MN,55407,+1 (952) 589-8713
5,Marie,Bartol,mbartol4@pen.io,,7 Coolidge Road,Baltimore,MD,21290,+1 (410) 397-6906
6,Dawna,Treweke,dtreweke5@cornell.edu,Female,64 Homewood Pass,Houston,TX,77299,+1 (713) 115-1400
7,,Rolles,,,,Washington,DC,20414,+1 (202) 315-3224
8,,Heeps,,Female,,Wilmington,DE,19897,+1 (302) 953-0157
9,Dill,,dbrothwood8@senate.gov,,633 Nancy Park,,,,
10,Alf,Loadsman,aloadsman9@nydailynews.com,,261 Farragut Center,Louisville,KY,40210,+1 (502) 577-0197
11,Andrey,Hatterslay,ahatterslaya@tripadvisor.com,Female,29 Beilfuss Court,Boise,ID,83732,+1 (208) 829-7412
12,,Feasley,,,,Los Angeles,CA,90060,+1 (323) 503-9318
13,Wendi,Tow,wtowc@dailymotion.com,,439 Autumn Leaf Point,Birmingham,AL,35254,+1 (205) 334-9630
14,Cory,Brownsworth,cbrownsworthd@mlb.com,Male,8186 Pond Trail,Phoenix,AZ,85053,+1 (602) 597-1990
15,Consuelo,Danes,cdanese@google.ru,,97390 Ronald Regan Hill,Richmond,VA,23220,+1 (804) 189-3429
16,,Tessyman,,Male,,Madison,WI,53705,+1 (608) 277-6050
17,Randie,,rturnorg@amazonaws.com,Male,0229 Brickson Park Junction,,,,
18,Malanie,Randlesome,mrandlesomeh@latimes.com,Female,51860 Elmside Lane,New York City,NY,10014,+1 (212) 256-9348
19,,,,Female,,,,,
20,Ingrim,,imcneicej@princeton.edu,Female,9 Twin Pines Crossing,,,,
21,Caro,Giacoppoli,cgiacoppolik@opensource.org,Male,769 Blackbird Lane,San Diego,CA,92105,+1 (858) 667-9554
22,Deirdre,Lujan,dlujanl@va.gov,,739 Thompson Avenue,Baltimore,MD,21265,+1 (410) 928-2864
23,Gorden,Coopper,gcoopperm@squarespace.com,,936 Rockefeller Center,Virginia Beach,VA,23471,+1 (757) 264-4148
24,,Verlinde,,Male,,Lubbock,TX,79405,+1 (806) 871-2380
25,Jemmy,Blancowe,jblancoweo@ca.gov,Male,55559 Butternut Road,Boise,ID,83711,+1 (208) 688-9755
26,,Yair,,Female,,Washington,DC,20036,+1 (202) 392-3714
27,Corrianne,Kless,cklessq@alibaba.com,Male,79 Dwight Place,Columbus,OH,43220,+1 (614) 127-4272
28,Nydia,,ndaintreer@cam.ac.uk,Male,01 Loomis Road,,,,
29,Dorey,Dooher,ddoohers@jalbum.net,,54267 Longview Avenue,San Diego,CA,92115,+1 (619) 798-9752
30,Hannis,,hhuckettt@go.com,Male,866 Granby Crossing,,,,
31,Jaymie,,jpatersonu@amazonaws.com,,30 Brickson Park Crossing,,,,
32,Jake,Kilsby,jkilsbyv@ustream.tv,Female,99793 Stuart Lane,Springfield,IL,62756,+1 (217) 278-8694
33,Monica,,moutibridgew@nba.com,,7901 Lyons Parkway,,,,
34,,Tenby,,Female,,Dallas,TX,75236,+1 (972) 877-2720
35,Jedidiah,Towell,jtowelly@accuweather.com,,442 Westerfield Parkway,Sandy,UT,84093,+1 (801) 103-8450
36,,De Ath,,Male,,Vancouver,WA,98682,+1 (360) 338-5469
37,Nestor,Colquhoun,ncolquhoun10@hibu.com,Male,90 Hallows Trail,Los Angeles,CA,90030,+1 (213) 739-3803
38,Chucho,Fiske,cfiske11@istockphoto.com,,902 Carpenter Trail,Washington,DC,20575,+1 (202) 197-3429
39,Clive,Bonsey,cbonsey12@ucsd.edu,Female,60 Forest Road,Boca Raton,FL,33487,+1 (305) 713-1748
40,Kylie,Hanvey,khanvey13@drupal.org,,07345 Morning Point,Oakland,CA,94611,+1 (510) 857-6313
41,Luz,Gibling,lgibling14@blinklist.com,Female,62735 Redwing Crossing,Evansville,IN,47705,+1 (812) 871-5389
42,Moina,Roscow,mroscow15@wikipedia.org,Male,039 Talmadge Terrace,Atlanta,GA,30306,+1 (770) 984-5097
43,Sherri,Heinel,sheinel16@rakuten.co.jp,,7164 Corben Place,Washington,DC,20029,+1 (202) 874-3243
44,Albert,Heibel,aheibel17@acquirethisname.com,Female,9315 Anhalt Hill,Minneapolis,MN,55480,+1 (612) 781-2818
45,Thurstan,Gabey,tgabey18@homestead.com,,03790 Glendale Hill,Salt Lake City,UT,84135,+1 (801) 210-0248
46,Early,Gritton,egritton19@etsy.com,Male,2201 Londonderry Park,San Francisco,CA,94169,+1 (415) 243-9536
47,Carole,Martinyuk,cmartinyuk1a@indiatimes.com,Female,82 High Crossing Road,Albuquerque,NM,87190,+1 (505) 414-3164
48,Robin,Alten,ralten1b@msu.edu,,3 Portage Point,Houston,TX,77025,+1 (281) 393-9393
49,,Majury,,,,Atlanta,GA,31136,+1 (404) 663-3558
50,Chrysa,,crother1d@cafepress.com,Female,1853 Merrick Lane,,,,
51,Anna-diana,Sproule,asproule1e@yahoo.com,Female,4111 Buell Parkway,Omaha,NE,68134,+1 (402) 640-0580
52,,Dwire,,Female,,Texarkana,TX,75507,+1 (903) 859-3147
53,,Tirte,,,,Vancouver,WA,98687,+1 (360) 218-6855
54,Larine,Pahlsson,lpahlsson1h@ocn.ne.jp,,2079 Dahle Avenue,Rockford,IL,61105,+1 (815) 487-4751
55,Olivier,Crimp,ocrimp1i@uiuc.edu,Male,2 Michigan Lane,Palo Alto,CA,94302,+1 (650) 351-4943
56,Leora,Roggieri,lroggieri1j@theglobeandmail.com,Female,9354 Manufacturers Alley,Atlanta,GA,30301,+1 (770) 811-8700
57,,Gawen,,,,Springfield,IL,62776,+1 (217) 864-9890
58,,Raeside,,Male,,Reno,NV,89505,+1 (775) 139-6513
59,Man,Lere,mlere1m@dot.gov,,43 Center Terrace,Orlando,FL,32885,+1 (407) 741-5892
60,Christophe,Horrell,chorrell1n@google.com.br,,34436 Huxley Junction,Denver,CO,80255,+1 (303) 173-7772
61,Kaycee,O' Cuolahan,kocuolahan1o@biglobe.ne.jp,Male,544 Pepper Wood Junction,North Hollywood,CA,91606,+1 (818) 453-6740
62,Jermayne,Levesque,jlevesque1p@nature.com,,081 Red Cloud Lane,Wichita,KS,67260,+1 (316) 918-5663
63,Dov,Thoma,dthoma1q@fastcompany.com,Male,8 Hovde Trail,Cleveland,OH,44105,+1 (216) 646-8086
64,Marybelle,Poulter,mpoulter1r@home.pl,,5 Jackson Parkway,Chicago,IL,60614,+1 (773) 818-0061
65,Berny,Wolfarth,bwolfarth1s@dion.ne.jp,Female,9 Surrey Terrace,New Orleans,LA,70129,+1 (504) 648-7195
66,Vivi,Broxup,vbroxup1t@t.co,,5748 Autumn Leaf Circle,Stamford,CT,06905,+1 (203) 703-0342
67,Kendre,Brasse,kbrasse1u@friendfeed.com,,009 Washington Junction,Morgantown,WV,26505,+1 (304) 255-4027
68,Rosanne,Galbraeth,rgalbraeth1v@chron.com,Female,00 Magdeline Way,Corpus Christi,TX,78475,+1 (361) 320-7422
69,,Wildman,,,,San Jose,CA,95113,+1 (408) 448-5818
70,Alexio,Sworne,asworne1x@biglobe.ne.jp,Male,529 Leroy Avenue,Boise,ID,83727,+1 (208) 448-2808
71,Allianora,Vannuccini,avannuccini1y@patch.com,,6 Bartillon Drive,Indianapolis,IN,46247,+1 (317) 298-2837
72,Francoise,Deboy,fdeboy1z@usgs.gov,Female,11401 Claremont Place,Orlando,FL,32825,+1 (407) 658-0108
73,Tades,Scrooby,tscrooby20@hc360.com,Male,184 Anniversary Drive,Metairie,LA,70005,+1 (504) 601-0026
74,Abbie,Sutor,asutor21@cocolog-nifty.com,Male,5 3rd Court,Amarillo,TX,79159,+1 (806) 743-3230
75,Felisha,Curgenven,fcurgenven22@mail.ru,Female,08 Vidon Point,Saint Paul,MN,55166,+1 (651) 630-8087
76,Dilly,St Ledger,dstledger23@indiegogo.com,,52265 Sachtjen Plaza,Dayton,OH,45403,+1 (937) 754-8522
77,Evelina,Ailward,eailward24@unicef.org,Female,27 Spenser Alley,El Paso,TX,88589,+1 (915) 920-1419
78,Doralia,Duguid,dduguid25@wordpress.com,Male,667 Weeping Birch Alley,Columbia,SC,29220,+1 (803) 925-3318
79,Jeddy,,jkivlin26@php.net,,44421 Bluestem Road,,,,
80,Celinka,Somerton,csomerton27@forbes.com,,80 Anthes Lane,Flint,MI,48505,+1 (810) 810-1089
81,Jamaal,Thundercliffe,jthundercliffe28@mapy.cz,Female,5961 Oak Valley Trail,Dayton,OH,45403,+1 (937) 602-1997
82,Phillipp,Nattriss,pnattriss29@altervista.org,,859 Dwight Circle,Seattle,WA,98185,+1 (206) 396-9661
83,,Matyashev,,Male,,Torrance,CA,90510,+1 (818) 137-1239
84,Tanitansy,Ingrem,tingrem2b@time.com,Male,288 Corscot Place,Tulsa,OK,74116,+1 (918) 155-0227
85,Xylina,Mangenet,xmangenet2c@theglobeandmail.com,,95 Sage Avenue,Richmond,VA,23277,+1 (804) 119-9353
86,Kristen,Leyborne,kleyborne2d@yolasite.com,,249 Logan Parkway,Norfolk,VA,23551,+1 (757) 611-7205
87,,Danielsen,,Female,,Salt Lake City,UT,84170,+1 (801) 177-0401
88,Bordie,Wixey,bwixey2f@timesonline.co.uk,Male,6 Gale Parkway,Lubbock,TX,79491,+1 (806) 227-4719
89,,,,,,,,,
90,Murielle,Pablo,mpablo2h@skyrock.com,Female,27413 Kennedy Alley,Cumming,GA,30130,+1 (706) 626-6571
91,Glenna,Greenshiels,ggreenshiels2i@stumbleupon.com,Female,010 Carberry Trail,New York City,NY,10009,+1 (646) 719-0435
92,Nikolos,Metson,nmetson2j@dot.gov,Male,95 Fisk Circle,High Point,NC,27264,+1 (336) 992-7969
93,Allayne,Lilian,alilian2k@qq.com,Male,21338 Laurel Crossing,Birmingham,AL,35220,+1 (205) 218-1503
94,,Steabler,,,,Lynchburg,VA,24515,+1 (434) 932-7690
95,,Emer,,Male,,Milwaukee,WI,53215,+1 (414) 892-8975
96,,,,Female,,,,,
97,,Maso,,Male,,Ann Arbor,MI,48107,+1 (734) 798-7597
98,Dewitt,Bocking,dbocking2p@qq.com,,49 Menomonie Avenue,Los Angeles,CA,90035,+1 (818) 159-0681
99,Nathaniel,Biaggi,nbiaggi2q@tripadvisor.com,Male,6 Packers Place,Tallahassee,FL,32304,+1 (850) 184-5438
100,Lance,Smeall,lsmeall2r@ebay.com,Male,934 Dixon Pass,Scottsdale,AZ,85255,+1 (480) 349-5731
101,Mozes,Ongin,mongin2s@toplist.cz,Male,4247 Sutteridge Parkway,Raleigh,NC,27635,+1 (919) 444-8697
102,Sigmund,Matchitt,smatchitt2t@huffingtonpost.com,Female,2 Derek Drive,Jeffersonville,IN,47134,+1 (812) 878-3898
103,,Caukill,,,,Anchorage,AK,99522,+1 (907) 390-8818
104,Cirillo,Ghirardi,cghirardi2v@ucoz.com,Female,17506 Elmside Place,Rochester,NY,14683,+1 (585) 265-5754
105,,,,Male,,,,,
106,Lissi,Howton,lhowton2x@ow.ly,Male,0 Riverside Terrace,Battle Creek,MI,49018,+1 (269) 532-0472
107,Lindsy,Guidini,lguidini2y@theatlantic.com,,69 Surrey Terrace,Baltimore,MD,21229,+1 (410) 436-6641
108,,Hymans,,Female,,Pasadena,CA,91131,+1 (626) 380-5018
109,Dieter,Rudsdell,drudsdell30@reference.com,Female,6 Melby Avenue,Houston,TX,77245,+1 (713) 808-8529
110,Dwayne,Krout,dkrout31@zdnet.com,,81 Oriole Parkway,Austin,TX,78789,+1 (512) 837-1296
111,Pammy,Cofax,pcofax32@youku.com,,0 Sundown Trail,Des Moines,IA,50347,+1 (515) 867-1017
112,Aguste,,afairhead33@cocolog-nifty.com,,702 Elgar Circle,,,,
113,,Lundbeck,,,,Memphis,TN,38161,+1 (901) 292-7632
114,Dana,Assante,dassante35@smugmug.com,,476 Anniversary Way,Denton,TX,76210,+1 (214) 480-6844
115,,Symson,,Female,,Richmond,CA,94807,+1 (510) 117-0040
116,Peder,,pcouch37@pbs.org,Female,58 Hoard Terrace,,,,
117,Granny,Crosseland,gcrosseland38@amazon.co.uk,Male,2299 Stone Corner Center,Washington,DC,20268,+1 (202) 836-1881
118,Adrienne,Worsnip,aworsnip39@edublogs.org,Female,54 Sommers Hill,Washington,DC,20430,+1 (202) 385-9164
119,Arni,Mell,amell3a@unicef.org,Female,08228 Vernon Circle,Carlsbad,CA,92013,+1 (760) 441-3596
120,Lotte,Seage,lseage3b@ehow.com,,78662 Erie Alley,Memphis,TN,38119,+1 (615) 140-9438
121,Cordell,Rubin,crubin3c@comsenz.com,,416 Mccormick Parkway,Monroe,LA,71208,+1 (318) 459-5647
122,Jeanie,Minker,jminker3d@google.com.au,Male,9166 Texas Hill,Dallas,TX,75210,+1 (972) 871-3970
123,Lee,Grishukov,lgrishukov3e@xrea.com,Female,4 Marquette Drive,Carlsbad,CA,92013,+1 (760) 606-2905
124,,Moreby,,Female,,Galveston,TX,77554,+1 (409) 434-2771
125,,Pinchon,,Male,,San Antonio,TX,78210,+1 (210) 488-9727
126,Auberta,Temperley,atemperley3h@google.pl,Male,38675 Upham Center,Garden Grove,CA,92844,+1 (714) 949-2103
127,Bev,Nevins,bnevins3i@yahoo.com,Female,8903 Kipling Center,San Francisco,CA,94169,+1 (415) 936-6174
128,Odessa,,omatcham3j@people.com.cn,Female,9 Melody Junction,,,,
129,Jackelyn,Lovie,jlovie3k@independent.co.uk,,753 Homewood Road,New Orleans,LA,70149,+1 (504) 970-7465
130,Emalee,Knights,eknights3l@go.com,Male,6 Fieldstone Pass,Richmond,VA,23293,+1 (804) 222-0225
131,Ezra,Burgan,eburgan3m@ezinearticles.com,,47631 1st Lane,Omaha,NE,68179,+1 (402) 617-7733
132,Herby,Dearell,hdearell3n@creativecommons.org,Female,315 Carpenter Point,San Diego,CA,92176,+1 (619) 153-3607
133,Thia,Praundl,tpraundl3o@dot.gov,Female,6664 Marquette Pass,Pasadena,CA,91199,+1 (626) 566-6635
134,Jeremie,Curd,jcurd3p@google.com,Female,358 La Follette Crossing,Honolulu,HI,96810,+1 (808) 452-3765
135,Roddie,,rtuckwood3q@xing.com,,974 Briar Crest Drive,,,,
136,Bo,Upward,bupward3r@umn.edu,Female,68633 Di Loreto Center,Louisville,KY,40233,+1 (502) 328-1645
137,Cordie,Corps,ccorps3s@geocities.com,Female,03510 Talisman Street,Palmdale,CA,93591,+1 (661) 106-7183
138,Jania,Fruish,jfruish3t@netscape.com,Male,01 Northridge Crossing,Abilene,TX,79699,+1 (325) 909-9795
139,Shamus,Klemenz,sklemenz3u@ibm.com,,98796 1st Pass,Indianapolis,IN,46295,+1 (317) 784-3555
140,,Lorraway,,Male,,Waco,TX,76711,+1 (254) 373-2919
141,Mordy,Tamburo,mtamburo3w@pbs.org,Female,00 Darwin Park,Fort Pierce,FL,34981,+1 (772) 562-8115
142,Mag,Baigent,mbaigent3x@feedburner.com,Male,410 Lindbergh Point,Omaha,NE,68164,+1 (402) 755-1702
143,Johannah,Rackam,jrackam3y@webmd.com,Female,92 Express Way,Chattanooga,TN,37450,+1 (423) 506-3880
144,Norri,,njeff3z@taobao.com,,3 Surrey Trail,,,,
145,Matty,,moxteby40@si.edu,,90352 Pennsylvania Junction,,,,
146,Lisetta,,lmarie41@symantec.com,,522 David Center,,,,
147,Pammi,Pirdue,ppirdue42@com.com,,229 Pankratz Circle,Sacramento,CA,94263,+1 (916) 485-2830
148,,Thorne,,,,Camden,NJ,08104,+1 (856) 815-5917
149,Nerty,Vuitte,nvuitte44@state.gov,Male,6 Transport Court,Jamaica,NY,11470,+1 (917) 421-0079
150,,Silbermann,,Female,,Cleveland,OH,44197,+1 (216) 787-7212
151,Sandro,Meachem,smeachem46@slashdot.org,Male,0461 Golden Leaf Way,Anniston,AL,36205,+1 (256) 411-6022
152,Karl,Birdseye,kbirdseye47@zimbio.com,Male,34110 Veith Park,Memphis,TN,38168,+1 (901) 759-5454
153,Karolina,Negro,knegro48@accuweather.com,Female,37030 Kingsford Drive,Van Nuys,CA,91406,+1 (310) 385-1631
154,Chilton,Jayume,cjayume49@abc.net.au,,7 Sloan Point,New York City,NY,10260,+1 (212) 890-4003
155,Guido,Haselwood,ghaselwood4a@csmonitor.com,,16 Elmside Parkway,Miami,FL,33124,+1 (786) 769-9150
156,Yehudit,Stollen,ystollen4b@accuweather.com,,5496 Eggendart Parkway,Washington,DC,20520,+1 (202) 908-1798
157,Vanya,Danev,vdanev4c@sbwire.com,Female,35 Haas Alley,Chico,CA,95973,+1 (916) 358-0984
158,Sibel,Conws,sconws4d@pinterest.com,,8 Fallview Drive,Louisville,KY,40256,+1 (502) 225-8025
159,Nichole,Prescot,nprescot4e@tuttocitta.it,,2 Colorado Hill,Fort Wayne,IN,46867,+1 (260) 392-9471
160,Jody,MacCarlich,jmaccarlich4f@nature.com,,2 Sage Point,Garland,TX,75044,+1 (214) 460-3090
161,Miguelita,Llewellyn,mllewellyn4g@apache.org,,8725 Golden Leaf Park,Boston,MA,02124,+1 (617) 558-7364
162,Arch,Parcall,aparcall4h@foxnews.com,Female,2633 Prairieview Avenue,Iowa City,IA,52245,+1 (319) 107-5259
163,,Cours,,,,Wilmington,NC,28410,+1 (910) 684-4089
164,Thoma,Kubicka,tkubicka4j@deliciousdays.com,Male,21222 Birchwood Court,Omaha,NE,68197,+1 (402) 647-8216
165,Analise,Lampet,alampet4k@yale.edu,Male,23 Sutherland Avenue,Rochester,NY,14619,+1 (585) 745-9461
166,Elonore,Veeler,eveeler4l@goo.ne.jp,,20 Orin Pass,Metairie,LA,70005,+1 (504) 728-4064
167,Evita,,ehowey4m@google.co.uk,Male,19 Erie Court,,,,
168,Lloyd,Diss,ldiss4n@wix.com,,4213 Farwell Plaza,Charleston,WV,25321,+1 (304) 759-7031
169,Dorotea,,dhoggetts4o@hhs.gov,Female,80083 American Terrace,,,,
170,Rebeka,Ismay,rismay4p@over-blog.com,Male,648 Hallows Crossing,Houston,TX,77045,+1 (713) 946-7140
171,Eustacia,Rosengart,erosengart4q@free.fr,,8 Walton Trail,Lexington,KY,40515,+1 (859) 593-9345
172,Dee,Werrilow,dwerrilow4r@earthlink.net,Female,3 Mcbride Place,Los Angeles,CA,90087,+1 (213) 694-9102
173,Vivianne,,vmoodie4s@oakley.com,Male,40 Mandrake Parkway,,,,
174,Bella,Scawn,bscawn4t@tiny.cc,Female,4 Miller Point,Charlotte,NC,28220,+1 (704) 309-1386
175,,Kittles,,Male,,San Jose,CA,95118,+1 (408) 979-3647
176,,Wands,,,,Richmond,VA,23208,+1 (804) 878-5578
177,Roberto,Radford,rradford4w@ucoz.ru,Male,571 Bluestem Lane,Gadsden,AL,35905,+1 (256) 169-4096
178,,Flintoffe,,Male,,New York City,NY,10275,+1 (212) 445-1610
179,Erika,Halmkin,ehalmkin4y@businessweek.com,Female,42 Trailsway Center,San Antonio,TX,78285,+1 (210) 908-4886
180,,Dart,,Female,,Minneapolis,MN,55402,+1 (952) 882-4179
181,Wilburt,,whuthart50@telegraph.co.uk,,9923 Mayfield Way,,,,
182,,Ruthen,,Male,,Phoenix,AZ,85040,+1 (480) 553-3044
183,Wini,Pariss,wpariss52@jalbum.net,,22 Orin Terrace,Reading,PA,19610,+1 (610) 357-2978
184,Carol-jean,McBoyle,cmcboyle53@theglobeandmail.com,,0 Fairview Alley,Boston,MA,02114,+1 (508) 931-1485
185,,,,,,,,,
186,Alexina,,aquantrell55@prnewswire.com,,88 Pearson Road,,,,
187,Clea,Vedenisov,cvedenisov56@dagondesign.com,,57992 Menomonie Lane,Norfolk,VA,23504,+1 (757) 702-6705
188,Gladi,Nisbith,gnisbith57@comsenz.com,,2 Sunnyside Street,Sparks,NV,89436,+1 (775) 107-5606
189,Delmer,Gleave,dgleave58@gravatar.com,Male,868 Acker Center,Sacramento,CA,94257,+1 (916) 466-6033
190,Toinette,Matthewman,tmatthewman59@mail.ru,,05 Kennedy Point,Denver,CO,80262,+1 (303) 718-4836
191,Esma,Syrie,esyrie5a@soup.io,,7 Grover Plaza,Virginia Beach,VA,23454,+1 (757) 348-7731
192,Ebony,Gasparro,egasparro5b@aol.com,Male,6002 Thierer Road,Pasadena,CA,91186,+1 (626) 803-1582
193,Janine,Watson-Brown,jwatsonbrown5c@loc.gov,,583 Hermina Drive,Honolulu,HI,96825,+1 (808) 819-1681
194,,Langland,,,,Washington,DC,20392,+1 (202) 865-9761
195,Marlowe,Dysert,mdysert5e@gnu.org,Male,732 Eagle Crest Alley,Topeka,KS,66617,+1 (785) 757-6676
196,Mattie,Fetherston,mfetherston5f@last.fm,,537 8th Place,Fort Myers,FL,33994,+1 (239) 689-3597
197,,Keemar,,Female,,Santa Monica,CA,90410,+1 (310) 347-7128
198,Kaycee,Harlock,kharlock5h@smugmug.com,Male,837 New Castle Parkway,Shawnee Mission,KS,66286,+1 (913) 147-7017
199,Alford,Petera,apetera5i@google.pl,Male,303 American Place,Kansas City,MO,64179,+1 (816) 334-0736
200,,Sandry,,Male,,Bradenton,FL,34210,+1 (727) 304-3889
201,Creighton,Filipychev,cfilipychev5k@vkontakte.ru,,3 Bashford Parkway,Spokane,WA,99260,+1 (509) 462-3152
202,Gerek,Longhorne,glonghorne5l@i2i.jp,Female,18430 Leroy Way,Jacksonville,FL,32209,+1 (904) 824-9093
203,Dulsea,Swansborough,dswansborough5m@odnoklassniki.ru,,61427 Sugar Center,Kansas City,MO,64199,+1 (816) 239-2832
204,Maddie,Caser,mcaser5n@desdev.cn,,427 Straubel Court,Washington,DC,20540,+1 (202) 927-5752
205,Hobey,Ellerker,hellerker5o@addthis.com,Female,19 Del Sol Point,Southfield,MI,48076,+1 (313) 967-4574
206,Hildegarde,Featherstone,hfeatherstone5p@drupal.org,,8 Hoffman Alley,Denver,CO,80255,+1 (720) 349-8799
207,Guillema,Benfield,gbenfield5q@economist.com,Female,89 Atwood Pass,Miami,FL,33185,+1 (305) 594-7107
208,Sallyanne,Cardinal,scardinal5r@studiopress.com,,9261 Hagan Plaza,Port Washington,NY,11054,+1 (516) 740-8128
209,Broddy,Ebi,bebi5s@theglobeandmail.com,Male,703 Nobel Crossing,Springfield,OH,45505,+1 (937) 464-0292
210,Wilt,Laba,wlaba5t@biblegateway.com,Female,3 Milwaukee Plaza,Lexington,KY,40510,+1 (859) 465-7156
211,,Ambroziak,,,,Young America,MN,55564,+1 (952) 148-6978
212,Gwenny,Dufoure,gdufoure5v@usa.gov,,63 Bellgrove Junction,Canton,OH,44720,+1 (234) 343-0951
213,Violante,Ingley,vingley5w@plala.or.jp,Male,8235 Golf Parkway,Lake Worth,FL,33462,+1 (561) 468-9711
214,Delores,Beminster,dbeminster5x@github.io,Male,2 Milwaukee Point,Huntington,WV,25705,+1 (304) 244-5758
215,Reba,,rprobbing5y@sohu.com,,0 Fairview Avenue,,,,
216,,Ormrod,,Male,,Houston,TX,77040,+1 (979) 352-4215
217,Sondra,Le Estut,sleestut60@cdc.gov,Male,8478 Bay Plaza,Bismarck,ND,58505,+1 (701) 238-9937
218,,Hackly,,Male,,West Palm Beach,FL,33421,+1 (561) 371-8746
219,,Dundridge,,Male,,Baltimore,MD,21229,+1 (410) 963-1350
220,Rafaellle,Fealy,rfealy63@google.it,Male,97 Londonderry Park,Dayton,OH,45432,+1 (937) 311-8693
221,,Parlor,,Male,,Washington,DC,20525,+1 (202) 618-2452
222,Letitia,Wonfar,lwonfar65@pagesperso-orange.fr,,0 Messerschmidt Court,Colorado Springs,CO,80915,+1 (719) 303-6871
223,Guinna,,gosgardby66@booking.com,,05 Russell Avenue,,,,
224,Kirstyn,Cutajar,kcutajar67@bing.com,Female,7264 Crest Line Junction,Flushing,NY,11388,+1 (917) 955-8313
225,,Treend,,,,Tuscaloosa,AL,35487,+1 (205) 307-4575
226,,Swafield,,,,Salt Lake City,UT,84105,+1 (801) 417-1593
227,,Nickoll,,Female,,Berkeley,CA,94712,+1 (510) 536-6765
228,Mattheus,Storr,mstorr6b@microsoft.com,,16210 American Parkway,Myrtle Beach,SC,29579,+1 (843) 127-8539
229,Kathi,Nyssens,knyssens6c@fastcompany.com,Female,9870 Lighthouse Bay Plaza,New York City,NY,10009,+1 (718) 548-7891
230,Bronson,Remer,bremer6d@mlb.com,Male,5184 Northridge Place,Albuquerque,NM,87105,+1 (505) 430-7946
231,Hillie,Easlea,heaslea6e@bing.com,Female,054 Michigan Street,Columbus,OH,43215,+1 (513) 225-3527
232,,Saladino,,Female,,Salt Lake City,UT,84105,+1 (801) 359-5344
233,Peirce,Flisher,pflisher6g@zdnet.com,,35 Fallview Way,San Francisco,CA,94154,+1 (415) 448-0119
234,Philis,McCobb,pmccobb6h@unesco.org,,9865 Kropf Street,Pittsburgh,PA,15255,+1 (412) 108-4092
235,Stanislas,Quartermain,squartermain6i@pagesperso-orange.fr,,77420 Oak Valley Pass,Los Angeles,CA,90035,+1 (213) 688-1647
236,Imojean,Lodovichi,ilodovichi6j@ustream.tv,,3 Independence Plaza,Panama City,FL,32412,+1 (850) 909-6554
237,Graeme,Mattiassi,gmattiassi6k@blogs.com,,5879 Nancy Circle,Flushing,NY,11355,+1 (347) 228-9179
238,Coleman,Kinrade,ckinrade6l@reverbnation.com,,32 Amoth Avenue,Los Angeles,CA,90055,+1 (213) 801-4249
239,Roseline,Mitchell,rmitchell6m@craigslist.org,Female,16411 Hovde Center,Detroit,MI,48217,+1 (313) 226-9456
240,Berny,Delap,bdelap6n@jalbum.net,Female,7115 Ridgeway Drive,Fresno,CA,93786,+1 (559) 748-3936
241,Glory,Cowderoy,gcowderoy6o@yolasite.com,Female,494 Westridge Circle,Fairfield,CT,06825,+1 (203) 577-6815
242,Kennie,Rumble,krumble6p@exblog.jp,Male,753 Marquette Point,Philadelphia,PA,19120,+1 (215) 686-2950
243,,Novello,,Female,,Portland,OR,97206,+1 (503) 587-8236
244,Shirleen,Postians,spostians6r@so-net.ne.jp,Female,8 Sunnyside Center,Tampa,FL,33633,+1 (813) 208-8237
245,Nevsa,Jaulme,njaulme6s@freewebs.com,,506 Karstens Place,Chicago,IL,60697,+1 (312) 433-0770
246,,Fulmen,,,,Springfield,MO,65805,+1 (417) 375-2237
247,Fallon,Titcomb,ftitcomb6u@tripadvisor.com,Female,513 Eagan Crossing,Fort Lauderdale,FL,33345,+1 (754) 643-0729
248,,Kolodziej,,,,Waterloo,IA,50706,+1 (319) 576-5938
249,Bertrando,,breily6w@miibeian.gov.cn,,93 Green Ridge Hill,,,,
250,Pierce,Doughartie,pdoughartie6x@mtv.com,Male,68361 Morningstar Junction,Palatine,IL,60078,+1 (847) 217-1081
251,Hamish,Hirschmann,hhirschmann6y@shareasale.com,,126 Randy Point,Davenport,IA,52804,+1 (563) 461-2491
252,Bab,Bottell,bbottell6z@unesco.org,Male,3 Anthes Lane,Akron,OH,44321,+1 (330) 207-8940
253,Jake,Baverstock,jbaverstock70@dagondesign.com,Female,5 Old Gate Circle,Roanoke,VA,24004,+1 (540) 176-6535
254,,Calvard,,,,Irvine,CA,92710,+1 (714) 991-6541
255,Gayle,Greeve,ggreeve72@upenn.edu,Male,2 Forest Run Court,Topeka,KS,66622,+1 (785) 362-9547
256,Laughton,Ericsson,lericsson73@wired.com,Female,36160 Sunfield Place,Omaha,NE,68134,+1 (402) 621-9961
257,Jodie,Gooderson,jgooderson74@springer.com,,48 Orin Park,Hayward,CA,94544,+1 (925) 454-0652
258,Carroll,Siseland,csiseland75@artisteer.com,,28538 Mosinee Trail,Columbus,OH,43226,+1 (614) 692-4629
259,Kristien,Halloran,khalloran76@rambler.ru,,87 Barby Center,Columbia,MO,65211,+1 (573) 683-7541
260,Aluin,Matley,amatley77@behance.net,Female,354 Dahle Place,Shawnee Mission,KS,66276,+1 (913) 865-2109
261,Minny,Biss,mbiss78@topsy.com,,08 Cordelia Crossing,Syracuse,NY,13251,+1 (315) 514-6629
262,,Maidlow,,,,Tacoma,WA,98464,+1 (253) 974-8441
263,Erminie,Probetts,eprobetts7a@slate.com,Female,847 Tennyson Crossing,Kansas City,MO,64193,+1 (816) 938-6805
264,Regan,Jerwood,rjerwood7b@gravatar.com,Female,9930 Del Mar Plaza,Houston,TX,77218,+1 (713) 259-4131
265,Stillman,Galbraith,sgalbraith7c@bing.com,Female,64239 Sutherland Parkway,Dayton,OH,45454,+1 (937) 621-8459
266,Faith,Chesswas,fchesswas7d@reverbnation.com,Male,443 Northport Point,Philadelphia,PA,19151,+1 (215) 859-2619
267,,Eixenberger,,Female,,Los Angeles,CA,90005,+1 (213) 228-8949
268,Alvera,Mulgrew,amulgrew7f@newsvine.com,Male,06718 Lindbergh Crossing,Indianapolis,IN,46266,+1 (317) 822-2718
269,Caty,MacAnespie,cmacanespie7g@adobe.com,Female,6 Lunder Hill,Davenport,IA,52809,+1 (563) 920-1589
270,Orran,Guyet,oguyet7h@webs.com,Female,15 Eastlawn Terrace,Ventura,CA,93005,+1 (805) 426-6125
271,Randie,Babar,rbabar7i@jalbum.net,,74 Spaight Road,San Francisco,CA,94126,+1 (415) 120-9662
272,Dana,Burkert,dburkert7j@wufoo.com,,8515 Cody Terrace,San Francisco,CA,94142,+1 (415) 138-6797
273,Jayson,Spall,jspall7k@yahoo.com,,789 Hudson Hill,Stamford,CT,06912,+1 (203) 646-8343
274,,Cosbey,,,,Laurel,MD,20709,+1 (410) 521-1918
275,Tye,Sked,tsked7m@umn.edu,Male,8195 Glendale Hill,Terre Haute,IN,47812,+1 (812) 364-8625
276,Evyn,Preshaw,epreshaw7n@homestead.com,Male,40 Lakewood Circle,El Paso,TX,88569,+1 (915) 299-5720
277,,O'Neil,,Male,,Washington,DC,20557,+1 (202) 326-5494
278,Gui,Bellows,gbellows7p@theatlantic.com,,15672 Cherokee Park,Wilkes Barre,PA,18763,+1 (570) 484-8368
279,Whit,Eich,weich7q@eepurl.com,,1328 Stoughton Terrace,Richmond,VA,23225,+1 (757) 516-7968
280,Jennee,Sebert,jsebert7r@typepad.com,Female,47 Manley Hill,Pompano Beach,FL,33069,+1 (954) 573-6050
281,Frazier,Ashburne,fashburne7s@prweb.com,,50238 Clarendon Terrace,Durham,NC,27710,+1 (919) 682-5387
282,,Knobell,,Male,,Charlotte,NC,28235,+1 (704) 109-2614
283,Odetta,Greenhow,ogreenhow7u@pinterest.com,Female,793 Weeping Birch Parkway,Raleigh,NC,27605,+1 (919) 151-9885
284,Jenn,Burburough,jburburough7v@prweb.com,,898 Kings Center,Houston,TX,77025,+1 (713) 826-9121
285,Homerus,Goodchild,hgoodchild7w@slideshare.net,,24675 Sundown Circle,Gainesville,FL,32627,+1 (352) 367-9760
286,,McCurtain,,Male,,Colorado Springs,CO,80925,+1 (719) 702-3727
287,,,,Male,,,,,
288,Lucinda,,lluter7z@geocities.com,,26819 Oxford Parkway,,,,
289,Wadsworth,Reven,wreven80@amazonaws.com,,6916 Comanche Alley,Detroit,MI,48211,+1 (734) 867-3865
290,Leyla,,lklich81@bizjournals.com,Male,6165 Carey Circle,,,,
291,Christi,Cornier,ccornier82@adobe.com,Female,2198 Continental Avenue,San Antonio,TX,78245,+1 (210) 930-4943
292,,Lilbourne,,Female,,New York City,NY,10184,+1 (212) 208-1485
293,,,,Male,,,,,
294,,Scotson,,,,Philadelphia,PA,19093,+1 (215) 985-7050
295,Evie,Aleksich,ealeksich86@guardian.co.uk,,8624 Autumn Leaf Circle,Santa Fe,NM,87592,+1 (505) 260-2237
296,Celeste,Hindrick,chindrick87@amazon.co.uk,Male,3040 School Park,Wichita,KS,67220,+1 (316) 377-4412
297,Filia,Dafter,fdafter88@naver.com,,238 Anzinger Trail,Houston,TX,77045,+1 (281) 791-8064
298,,Borwick,,Female,,Topeka,KS,66611,+1 (785) 959-9258
299,Kerstin,Sterricker,ksterricker8a@businesswire.com,,13 Erie Circle,Lansing,MI,48901,+1 (517) 965-2221
300,,Rawsthorne,,,,El Paso,TX,88525,+1 (915) 999-0182
301,Emalia,Senten,esenten8c@examiner.com,Female,268 Mandrake Parkway,Los Angeles,CA,90055,+1 (213) 606-1188
302,Raynell,Borg-Bartolo,rborgbartolo8d@answers.com,,121 Heath Park,Albany,NY,12205,+1 (518) 634-2796
303,Jordan,Kasbye,jkasbye8e@posterous.com,Male,786 Westridge Court,Tallahassee,FL,32304,+1 (850) 397-9558
304,Carolan,Favel,cfavel8f@nyu.edu,Male,6 Warbler Crossing,Chicago,IL,60646,+1 (773) 900-2993
305,Hansiain,Draijer,hdraijer8g@meetup.com,,5956 Buell Avenue,Macon,GA,31217,+1 (478) 870-8836
306,Wye,Kynson,wkynson8h@woothemes.com,,05737 Dwight Way,Muncie,IN,47306,+1 (765) 900-1675
307,Aurthur,Meiningen,ameiningen8i@baidu.com,Female,225 Moulton Parkway,Detroit,MI,48206,+1 (313) 414-4561
308,Kata,Baudou,kbaudou8j@360.cn,Female,2 Springview Junction,Oakland,CA,94622,+1 (510) 521-8929
309,Ulberto,,uchetham8k@cnbc.com,,15308 Karstens Way,,,,
310,Carny,Slimon,cslimon8l@sciencedirect.com,,012 2nd Street,Frederick,MD,21705,+1 (240) 419-2259
311,,Philipsohn,,,,Santa Ana,CA,92705,+1 (949) 644-6588
312,Norry,Verry,nverry8n@discuz.net,Female,1 Brickson Park Lane,New York City,NY,10150,+1 (212) 692-1527
313,,,,Female,,,,,
314,Bevon,Klossek,bklossek8p@fda.gov,Female,93494 Parkside Circle,Arlington,VA,22212,+1 (571) 144-7925
315,Matthus,Rame,mrame8q@rambler.ru,Male,3930 Lakewood Gardens Trail,New Orleans,LA,70174,+1 (504) 346-4932
316,Marylynne,Peealess,mpeealess8r@tinypic.com,Female,3850 Manley Avenue,Trenton,NJ,08608,+1 (609) 942-7617
317,Arturo,Antognelli,aantognelli8s@bloglovin.com,Male,0564 Lunder Street,Jacksonville,FL,32255,+1 (904) 561-2986
318,Abra,Basset,abasset8t@homestead.com,Male,96 West Point,Saint Paul,MN,55123,+1 (612) 812-6038
319,Allina,Sleeman,asleeman8u@stumbleupon.com,Female,2251 Thackeray Junction,Fort Wayne,IN,46805,+1 (260) 601-7871
320,Budd,Vincent,bvincent8v@taobao.com,,702 Calypso Crossing,Newark,NJ,07195,+1 (862) 210-5694
321,Minta,Merrick,mmerrick8w@google.it,,4448 Valley Edge Hill,Baton Rouge,LA,70810,+1 (225) 724-5006
322,Cora,Brightling,cbrightling8x@flickr.com,Female,281 Columbus Point,Roanoke,VA,24020,+1 (540) 645-7239
323,Colman,Adam,cadam8y@symantec.com,Female,0262 Lerdahl Terrace,Washington,DC,20546,+1 (202) 936-3272
324,Daven,Gentil,dgentil8z@ning.com,Female,279 Stuart Road,Fresno,CA,93704,+1 (559) 805-5003
325,Aurel,Mergue,amergue90@cloudflare.com,Female,52897 Carberry Junction,Philadelphia,PA,19125,+1 (215) 995-2752
326,Galven,Fisbey,gfisbey91@wunderground.com,,75 Springview Court,Englewood,CO,80150,+1 (303) 844-0431
327,Janey,Gosker,jgosker92@canalblog.com,,4 Fair Oaks Point,Jefferson City,MO,65110,+1 (573) 993-6186
328,Cameron,Vasyutochkin,cvasyutochkin93@merriam-webster.com,,9 Stephen Terrace,Lexington,KY,40581,+1 (859) 226-7741
329,,McCuthais,,Male,,Rochester,NY,14614,+1 (585) 177-2862
330,Halette,Haggas,hhaggas95@studiopress.com,Male,7222 Macpherson Drive,Evanston,IL,60208,+1 (847) 121-8442
331,Reinaldo,Farleigh,rfarleigh96@studiopress.com,Female,5 Eggendart Avenue,Louisville,KY,40287,+1 (502) 956-6372
332,Danya,Scotfurth,dscotfurth97@bing.com,Female,16843 Maple Trail,Rochester,NY,14652,+1 (585) 787-0791
333,Werner,Nizet,wnizet98@google.com.br,,64903 Saint Paul Street,Ridgely,MD,21684,+1 (410) 634-4704
334,,,,Male,,,,,
335,,Cahen,,,,Pittsburgh,PA,15225,+1 (412) 888-9462
336,,Leaney,,,,Des Moines,IA,50936,+1 (515) 761-9351
337,,Tofful,,Male,,Kansas City,MO,64153,+1 (816) 428-3280
338,Salvador,Conrad,sconrad9d@so-net.ne.jp,,3157 Bunting Place,Saint Paul,MN,55108,+1 (612) 739-3896
339,Nikita,Karlowicz,nkarlowicz9e@ted.com,Male,8105 Golf Course Plaza,Washington,DC,20238,+1 (202) 977-9829
340,Craig,Sainteau,csainteau9f@yandex.ru,Female,357 Nevada Lane,Anderson,IN,46015,+1 (765) 916-4591
341,Luke,Danielsen,ldanielsen9g@usnews.com,Female,500 Fisk Terrace,Brooklyn,NY,11247,+1 (212) 566-3883
342,Lenard,,ldesavery9h@mac.com,Male,1308 Shelley Junction,,,,
343,Kellsie,Buckerfield,kbuckerfield9i@webeden.co.uk,,7251 Bashford Court,Saint Louis,MO,63196,+1 (314) 793-6595
344,,Berridge,,Male,,Bethlehem,PA,18018,+1 (267) 606-5470
345,Chelsie,Balfe,cbalfe9k@goodreads.com,Female,600 Carpenter Drive,Syracuse,NY,13217,+1 (315) 304-7982
346,Dulci,Lemin,dlemin9l@patch.com,Male,22 Mayer Way,San Diego,CA,92191,+1 (619) 782-2322
347,Lorrie,Poxon,lpoxon9m@timesonline.co.uk,,98258 Welch Terrace,Albuquerque,NM,87190,+1 (505) 935-3872
348,Ashlin,Bergin,abergin9n@odnoklassniki.ru,,161 Morning Place,Paterson,NJ,07544,+1 (862) 638-3498
349,,Sheraton,,Male,,Idaho Falls,ID,83405,+1 (208) 872-7003
350,Martyn,,mbounds9p@soundcloud.com,Female,9172 Pine View Way,,,,
351,,Kinworthy,,,,Irvine,CA,92717,+1 (714) 881-3191
352,Kore,Constanza,kconstanza9r@clickbank.net,,807 Everett Avenue,El Paso,TX,88519,+1 (915) 306-9382
353,,Jonson,,Male,,Rochester,NY,14614,+1 (585) 899-7447
354,Allie,Brockington,abrockington9t@cnet.com,,76189 Fallview Terrace,New Orleans,LA,70116,+1 (504) 704-7302
355,Hannah,Wride,hwride9u@ebay.com,,87218 Derek Trail,Des Moines,IA,50936,+1 (515) 837-0744
356,,Weston,,Male,,Nashville,TN,37228,+1 (615) 103-0222
357,Candida,Thirlwall,cthirlwall9w@deliciousdays.com,,391 Kim Alley,Myrtle Beach,SC,29579,+1 (843) 441-3655
358,,Veld,,Female,,Houston,TX,77080,+1 (281) 274-9601
359,Missy,Bowdrey,mbowdrey9y@stumbleupon.com,,3 Tony Way,Grand Rapids,MI,49518,+1 (616) 187-2708
360,Bo,McGhie,bmcghie9z@prnewswire.com,Female,3850 Toban Alley,Newport Beach,CA,92662,+1 (949) 891-0021
361,Xenos,Meiningen,xmeiningena0@cbsnews.com,,00 Lunder Circle,Salt Lake City,UT,84170,+1 (801) 566-6881
362,Dory,Tallquist,dtallquista1@columbia.edu,,36 Harbort Drive,Jackson,MS,39216,+1 (601) 423-5178
363,Frieda,Dampney,fdampneya2@marketwatch.com,Female,24723 Hazelcrest Way,Fargo,ND,58122,+1 (701) 680-1113
364,Talyah,Dechelette,tdechelettea3@usa.gov,,21 Derek Lane,Lexington,KY,40515,+1 (859) 606-5543
365,Maynord,Jarratt,mjarratta4@guardian.co.uk,Female,00703 Maywood Road,Salt Lake City,UT,84110,+1 (801) 313-2338
366,Cordula,Shutte,cshuttea5@usatoday.com,,22472 Clyde Gallagher Park,San Mateo,CA,94405,+1 (805) 300-9136
367,,Dwelling,,,,Orlando,FL,32803,+1 (321) 590-4778
368,Maxie,Skerme,mskermea7@people.com.cn,,2799 Hovde Place,Charlotte,NC,28289,+1 (704) 117-9558
369,Auberon,Dawby,adawbya8@goo.gl,,2 Buhler Center,Atlanta,GA,30392,+1 (404) 667-5252
370,Nobie,,nglynnea9@bluehost.com,Female,229 Kennedy Circle,,,,
371,Alanson,Felipe,afelipeaa@opera.com,Male,7704 Caliangt Crossing,Hollywood,FL,33023,+1 (305) 485-9891
372,Danya,Zeal,dzealab@phpbb.com,,3460 Lakewood Crossing,Kansas City,MO,64187,+1 (816) 928-6336
373,Paulette,Cleyne,pcleyneac@amazonaws.com,Male,88 Mariners Cove Point,Kansas City,MO,64199,+1 (816) 979-1991
374,Bidget,Thalmann,bthalmannad@loc.gov,Female,27 Mcbride Lane,Fort Wayne,IN,46867,+1 (260) 125-6198
375,,Robers,,Female,,Austin,TX,78749,+1 (512) 717-0933
376,Gabriela,Gallacher,ggallacheraf@eventbrite.com,Male,98 6th Plaza,Miami,FL,33233,+1 (786) 854-6471
377,Zedekiah,Vedenyapin,zvedenyapinag@dailymotion.com,Female,86285 Sundown Center,Erie,PA,16565,+1 (814) 992-0976
378,,Emanuel,,,,Fort Worth,TX,76162,+1 (682) 818-8938
379,,Weddell,,Female,,Las Vegas,NV,89178,+1 (702) 740-9672
380,Ailis,Duchateau,aduchateauaj@blogs.com,Male,7462 Red Cloud Way,Northridge,CA,91328,+1 (818) 232-1951
381,,Gripton,,,,New Orleans,LA,70142,+1 (504) 860-7580
382,Letti,Scheffler,lscheffleral@mozilla.org,Female,79 Evergreen Road,Saint Louis,MO,63180,+1 (314) 797-9916
383,Berton,Hull,bhullam@bbb.org,,478 Blue Bill Park Circle,Raleigh,NC,27658,+1 (919) 980-3217
384,Shirline,Ambrogi,sambrogian@i2i.jp,Female,24 Crowley Court,Cincinnati,OH,45203,+1 (513) 919-8982
385,Sigmund,,smccomiskieao@blogtalkradio.com,Female,06291 Vermont Pass,,,,
386,Aeriell,Ankers,aankersap@bluehost.com,Male,34 Pawling Way,Palo Alto,CA,94302,+1 (650) 267-8336
387,Putnam,Ahrens,pahrensaq@dailymotion.com,Female,472 Vernon Drive,Portsmouth,NH,00214,+1 (603) 781-3156
388,Hank,,hadamovar@sbwire.com,Female,58767 Longview Street,,,,
389,Albert,Scemp,ascempas@bloglines.com,Female,21469 Lyons Parkway,New York City,NY,10060,+1 (646) 254-4273
390,Madalena,Salter,msalterat@nps.gov,Male,15 5th Terrace,Fort Worth,TX,76121,+1 (817) 861-4819
391,Barny,,bcammoileau@blog.com,Female,0 Sutteridge Plaza,,,,
392,,Kendall,,Female,,Evansville,IN,47719,+1 (812) 614-9076
393,,Riceards,,Male,,Des Moines,IA,50393,+1 (515) 920-7890
394,,Brosio,,Male,,Lexington,KY,40524,+1 (859) 138-4197
395,Lucy,Brotheridge,lbrotheridgeay@taobao.com,Male,80244 Dennis Trail,Santa Ana,CA,92725,+1 (714) 845-3401
396,Chilton,Pailin,cpailinaz@lycos.com,Male,9 Buena Vista Way,Dallas,TX,75241,+1 (469) 857-8769
397,Dory,Peat,dpeatb0@cdbaby.com,Male,4614 Granby Place,Charlotte,NC,28272,+1 (704) 633-3113
398,Dolley,Thistleton,dthistletonb1@mashable.com,,3 Harbort Terrace,Shawnee Mission,KS,66215,+1 (913) 681-6474
399,Douglass,Harradence,dharradenceb2@cnet.com,Male,2 Birchwood Street,Lincoln,NE,68524,+1 (402) 644-6665
400,Brooke,Hartley,bhartleyb3@acquirethisname.com,,3594 Gina Parkway,Fairfield,CT,06825,+1 (203) 231-5442
401,Pippa,Beacock,pbeacockb4@chronoengine.com,Female,76 Alpine Road,Ogden,UT,84403,+1 (801) 986-7802
402,Rhiamon,Mazzilli,rmazzillib5@blogtalkradio.com,,40 Tennessee Junction,Seattle,WA,98148,+1 (206) 169-0645
403,,Lentsch,,Female,,Spokane,WA,99220,+1 (509) 815-5447
404,Petronille,Pringer,ppringerb7@un.org,Female,87 Dixon Alley,Baltimore,MD,21281,+1 (410) 147-6691
405,Alyosha,Lambrecht,alambrechtb8@nyu.edu,Male,220 Mcbride Plaza,Baltimore,MD,21265,+1 (410) 946-6792
406,Nicola,,nbrissonb9@google.com.hk,Male,318 Autumn Leaf Center,,,,
407,Simona,Covelle,scovelleba@hc360.com,,96 Badeau Street,Detroit,MI,48217,+1 (313) 408-7055
408,,Christy,,Female,,Fresno,CA,93762,+1 (559) 973-7090
409,Sandro,Bunt,sbuntbc@blogs.com,Male,28 Westerfield Court,New York City,NY,10280,+1 (347) 540-1868
410,Ransell,Lenney,rlenneybd@va.gov,Male,298 Farmco Parkway,Columbus,OH,43231,+1 (614) 909-4327
411,Christoforo,Kordova,ckordovabe@tiny.cc,Female,648 Anderson Pass,Scranton,PA,18505,+1 (570) 199-7710
412,,Carlone,,Male,,Pasadena,CA,91125,+1 (626) 852-6081
413,Isabelle,Goodfield,igoodfieldbg@hatena.ne.jp,Female,00 Service Parkway,Indianapolis,IN,46226,+1 (317) 465-6013
414,Camille,Pyner,cpynerbh@apple.com,Male,57 Fulton Lane,Mesa,AZ,85205,+1 (602) 304-4805
415,Stillmann,Cabera,scaberabi@nps.gov,Male,4 Monica Junction,Cleveland,OH,44130,+1 (216) 433-7358
416,Torry,Murdy,tmurdybj@theguardian.com,Female,527 Golf View Park,San Jose,CA,95173,+1 (408) 866-1596
417,Adella,Neaverson,aneaversonbk@amazon.de,Male,59 Maryland Parkway,Nashville,TN,37240,+1 (615) 690-4312
418,Rodina,Cathesyed,rcathesyedbl@abc.net.au,Male,4 Stone Corner Lane,Peoria,IL,61629,+1 (309) 546-5512
419,,Richardeau,,Male,,Milwaukee,WI,53220,+1 (414) 613-0614
420,Dolly,,dgintybn@moonfruit.com,,37 Mariners Cove Avenue,,,,
421,Damita,O'Hartagan,dohartaganbo@cbsnews.com,Male,5319 Green Crossing,Washington,DC,20226,+1 (202) 300-3352
422,Goldie,Yetton,gyettonbp@parallels.com,,360 Thompson Parkway,Saint Paul,MN,55166,+1 (651) 189-2836
423,Carmelle,Slorach,cslorachbq@cnet.com,,35 Stang Terrace,Des Moines,IA,50369,+1 (515) 243-5712
424,Tobias,Lenglet,tlengletbr@google.com,,6912 Mosinee Drive,Wichita,KS,67220,+1 (316) 985-0209
425,Elana,,ehuffbs@discuz.net,,5815 Dennis Place,,,,
426,Jillana,Monier,jmonierbt@smh.com.au,Male,4929 Kim Center,Pittsburgh,PA,15250,+1 (412) 815-2278
427,,Pittendreigh,,,,Miami,FL,33185,+1 (305) 624-4690
428,Carrol,Hymor,chymorbv@mozilla.org,,74741 Fulton Plaza,Minneapolis,MN,55441,+1 (763) 784-6360
429,Addie,,aandryushinbw@infoseek.co.jp,Female,8 Lunder Pass,,,,
430,Cullie,Chalcroft,cchalcroftbx@comcast.net,Female,432 Hoepker Street,Tulsa,OK,74170,+1 (918) 983-0408
431,Kailey,Gillard,kgillardby@tripod.com,Male,1269 Banding Park,Lakeland,FL,33805,+1 (863) 720-0481
432,Erena,Ancketill,eancketillbz@goo.ne.jp,Female,2893 Briar Crest Road,Houston,TX,77299,+1 (713) 261-1590
433,Reynold,Potapczuk,rpotapczukc0@ox.ac.uk,,2 Cordelia Road,Las Vegas,NV,89150,+1 (702) 309-5391
434,Rod,Glasner,rglasnerc1@timesonline.co.uk,Male,793 Independence Point,Salt Lake City,UT,84140,+1 (801) 113-5404
435,Carmine,Antonellini,cantonellinic2@forbes.com,,841 Northview Street,El Paso,TX,79916,+1 (915) 391-6320
436,Cody,Malcher,cmalcherc3@parallels.com,Male,02 Village Green Place,Monticello,MN,55585,+1 (763) 400-5713
437,Vita,Davall,vdavallc4@php.net,Male,61994 Muir Way,Kansas City,MO,64144,+1 (816) 589-8175
438,Carlota,Haensel,chaenselc5@symantec.com,,6 Gulseth Hill,Fort Worth,TX,76115,+1 (817) 709-5440
439,Odette,Skiggs,oskiggsc6@ibm.com,Male,9795 Merrick Parkway,Austin,TX,78737,+1 (512) 473-6724
440,,Blincowe,,,,Arlington,TX,76096,+1 (817) 370-2826
441,Enrico,Vondruska,evondruskac8@friendfeed.com,Male,9449 Cody Junction,Houston,TX,77090,+1 (936) 958-3949
442,Pauletta,MacGragh,pmacgraghc9@cbsnews.com,,6 Haas Crossing,El Paso,TX,79950,+1 (915) 209-1489
443,Adoree,Enrigo,aenrigoca@sun.com,Male,74 Mandrake Plaza,Tulsa,OK,74184,+1 (918) 809-3612
444,,Mountjoy,,Male,,New Orleans,LA,70129,+1 (504) 493-3821
445,Benedetta,Windeatt,bwindeattcc@japanpost.jp,Male,9138 Village Crossing,Bronx,NY,10454,+1 (718) 934-9834
446,Pancho,Leedes,pleedescd@godaddy.com,Male,9721 Bluestem Circle,Amarillo,TX,79118,+1 (806) 885-8759
447,,Andreassen,,Female,,Macon,GA,31296,+1 (478) 548-4307
448,Vassili,Brereton,vbreretoncf@php.net,Male,14 Pennsylvania Street,Cincinnati,OH,45264,+1 (513) 868-1556
449,Magdaia,Itchingham,mitchinghamcg@csmonitor.com,,690 Declaration Crossing,Sarasota,FL,34276,+1 (941) 530-6644
450,Dolf,Kingscote,dkingscotech@diigo.com,,8309 Shoshone Pass,Erie,PA,16522,+1 (814) 503-3293
451,Kile,Brisset,kbrissetci@t.co,Male,667 Monterey Terrace,El Paso,TX,79940,+1 (915) 447-5069
452,,Croser,,,,Erie,PA,16550,+1 (814) 987-4318
453,Sybyl,Trevna,strevnack@google.pl,Male,12856 Sheridan Hill,San Jose,CA,95128,+1 (714) 549-2278
454,Carmella,Van Rembrandt,cvanrembrandtcl@npr.org,Female,11462 Hermina Lane,Columbus,OH,43240,+1 (614) 990-6530
455,Free,Webster,fwebstercm@tinyurl.com,,4 Farwell Avenue,Springfield,IL,62711,+1 (217) 125-7854
456,Fanchon,Blainey,fblaineycn@themeforest.net,,1527 East Park,Oklahoma City,OK,73109,+1 (405) 909-6368
457,,Mennithorp,,,,Atlanta,GA,31106,+1 (404) 372-1947
458,Torrance,,thodintoncp@go.com,Female,13827 Hayes Trail,,,,
459,,,,Male,,,,,
460,Caspar,Wiggins,cwigginscr@w3.org,Male,016 Moulton Drive,Anderson,IN,46015,+1 (765) 570-9589
461,Morley,Rickword,mrickwordcs@trellian.com,Male,49 Basil Parkway,Memphis,TN,38143,+1 (901) 915-6134
462,Kimble,Krikorian,kkrikorianct@ameblo.jp,Female,8 Sutteridge Road,Santa Ana,CA,92725,+1 (714) 182-2313
463,Pavla,Rockell,prockellcu@abc.net.au,Female,897 Bonner Place,Honolulu,HI,96835,+1 (808) 230-7194
464,Gaultiero,Baseley,gbaseleycv@apple.com,Female,47579 Hudson Hill,Oklahoma City,OK,73190,+1 (405) 492-8019
465,Wanids,Casone,wcasonecw@time.com,Female,194 Golf View Plaza,Washington,DC,20260,+1 (202) 510-4500
466,Adela,Feldhuhn,afeldhuhncx@prnewswire.com,Male,551 Badeau Avenue,Evansville,IN,47725,+1 (812) 918-9256
467,Esdras,Martinelli,emartinellicy@ihg.com,,6925 Thompson Junction,Springfield,MA,01129,+1 (413) 133-4710
468,Chane,Maestro,cmaestrocz@hc360.com,Female,2006 Rigney Terrace,Trenton,NJ,08619,+1 (609) 799-6033
469,,Tildesley,,Female,,Greenville,SC,29605,+1 (864) 827-8413
470,,Crane,,Male,,Houston,TX,77080,+1 (713) 811-2359
471,,,,Male,,,,,
472,Chandler,Mablestone,cmablestoned3@wikia.com,,26582 Doe Crossing Place,Detroit,MI,48217,+1 (313) 860-2441
473,Wilma,Atwood,watwoodd4@ucsd.edu,,12 Sunnyside Avenue,Orlando,FL,32819,+1 (321) 713-9629
474,Claretta,Okker,cokkerd5@wp.com,Female,61405 Roxbury Junction,Portland,ME,04109,+1 (207) 660-5209
475,Chantalle,,cmonnellyd6@moonfruit.com,Female,176 Redwing Street,,,,
476,,Reeson,,,,Oklahoma City,OK,73119,+1 (405) 267-2118
477,Shane,Conley,sconleyd8@berkeley.edu,,037 Barnett Point,Tacoma,WA,98464,+1 (253) 813-8787
478,Tine,McLeoid,tmcleoidd9@archive.org,,964 Merchant Court,Charlottesville,VA,22908,+1 (434) 374-8157
479,Anna-diana,Lonie,alonieda@tripod.com,Male,35 Mayer Point,Indianapolis,IN,46278,+1 (317) 510-8509
480,Avram,Breagan,abreagandb@bizjournals.com,Female,54699 Lakeland Road,Miami,FL,33164,+1 (786) 724-0897
481,Kellina,Reaper,kreaperdc@samsung.com,,81891 Lake View Way,Hartford,CT,06145,+1 (860) 142-3387
482,Horst,Scrine,hscrinedd@barnesandnoble.com,,33 Kensington Street,Mount Vernon,NY,10557,+1 (914) 807-7649
483,,Randal,,Female,,Tampa,FL,33694,+1 (813) 972-9497
484,Shay,Shorton,sshortondf@vkontakte.ru,Male,1917 Novick Alley,Kissimmee,FL,34745,+1 (407) 504-2465
485,Lynea,Pettersen,lpettersendg@comcast.net,Female,99 Bay Parkway,Green Bay,WI,54313,+1 (920) 529-6718
486,Desi,,darltdh@fastcompany.com,Female,6 American Ash Avenue,,,,
487,Mozelle,Sorrel,msorreldi@eepurl.com,Female,61347 Reindahl Way,Las Vegas,NV,89140,+1 (702) 312-7117
488,,Roots,,Male,,San Diego,CA,92137,+1 (619) 712-2471
489,Bennie,,bmcauleydk@mail.ru,Male,76 Schlimgen Road,,,,
490,Perice,MacKim,pmackimdl@gravatar.com,,98891 Banding Avenue,Topeka,KS,66606,+1 (785) 894-0545
491,Leeland,Dunkirk,ldunkirkdm@prweb.com,Female,679 Lighthouse Bay Way,Arlington,TX,76004,+1 (817) 133-3253
492,,,,Male,,,,,
493,Lorianna,MacAnelley,lmacanelleydo@about.me,Male,8972 Boyd Center,Cincinnati,OH,45296,+1 (513) 507-3452
494,Kerrie,Sutherley,ksutherleydp@artisteer.com,,51864 Sachs Way,Richmond,VA,23289,+1 (804) 104-2838
495,Dalis,,dmerrikindq@yelp.com,Female,3 Randy Avenue,,,,
496,Nefen,Neno,nnenodr@ihg.com,Male,011 Carpenter Place,Conroe,TX,77305,+1 (936) 751-8961
497,Cecilius,Delamar,cdelamards@adobe.com,Female,6 Weeping Birch Road,Tacoma,WA,98405,+1 (253) 831-6416
498,Gerrie,Lewin,glewindt@prlog.org,Female,58957 Merchant Road,Atlanta,GA,31132,+1 (404) 458-6339
499,Alexine,,aughellidu@de.vu,,977 Goodland Terrace,,,,
500,Nate,Gradly,ngradlydv@vkontakte.ru,,5 Del Sol Parkway,Evansville,IN,47747,+1 (812) 184-2034
501,Bald,,bwheatmandw@i2i.jp,,78 Dovetail Lane,,,,
502,Justinn,Noye,jnoyedx@uol.com.br,Male,675 Fairview Crossing,New York City,NY,10160,+1 (212) 953-2087
503,Francene,Walewicz,fwalewiczdy@cnbc.com,,39316 Chive Junction,Los Angeles,CA,90060,+1 (323) 117-1977
504,,Abbes,,,,Albany,NY,12242,+1 (518) 353-9671
505,Kayle,Crichton,kcrichtone0@bigcartel.com,Female,41827 Brentwood Circle,San Antonio,TX,78278,+1 (210) 841-4241
506,Levy,Aykroyd,laykroyde1@purevolume.com,Male,41370 Heffernan Place,New Haven,CT,06510,+1 (203) 574-0481
507,,Lascelles,,Female,,Saint Augustine,FL,32092,+1 (904) 835-7272
508,Tabbie,,tgamete3@sciencedaily.com,,939 Vahlen Crossing,,,,
509,Daron,McClunaghan,dmcclunaghane4@gmpg.org,Male,40 Lighthouse Bay Way,Des Moines,IA,50305,+1 (515) 411-9900
510,,Toffalo,,,,Oakland,CA,94605,+1 (510) 476-0995
511,Irwinn,Passie,ipassiee6@printfriendly.com,,872 Sundown Trail,Waterbury,CT,06721,+1 (203) 547-2234
512,Matti,Rospars,mrosparse7@cornell.edu,,46 Morrow Junction,Virginia Beach,VA,23464,+1 (757) 844-6763
513,Nicolea,Bott,nbotte8@ask.com,Male,85743 Carpenter Court,Houston,TX,77245,+1 (713) 849-7546
514,,Finlater,,Female,,Charlotte,NC,28263,+1 (704) 956-4132
515,Zulema,Baszniak,zbaszniakea@altervista.org,,06842 Gale Drive,Charlotte,NC,28225,+1 (704) 399-4014
516,Alicea,Brodeau,abrodeaueb@apache.org,,60928 Esch Drive,Reading,PA,19605,+1 (610) 296-8160
517,Meriel,Petters,mpettersec@mashable.com,,527 East Avenue,Jackson,MS,39236,+1 (601) 974-5116
518,Reinald,Touhig,rtouhiged@icio.us,Male,319 Claremont Center,Brooklyn,NY,11254,+1 (212) 142-5182
519,Barth,Phelp,bphelpee@google.com,Male,350 Crest Line Park,Oklahoma City,OK,73147,+1 (405) 682-1055
520,,Speed,,Male,,Anaheim,CA,92812,+1 (714) 542-0836
521,,,,,,,,,
522,Boot,Seabrook,bseabrookeh@wordpress.com,Female,02297 Northwestern Point,Fullerton,CA,92835,+1 (714) 783-9069
523,Aloise,Wasselin,awasselinei@cpanel.net,Female,3 Mesta Crossing,Lansing,MI,48919,+1 (517) 289-2625
524,Vittoria,Duthy,vduthyej@mashable.com,,1604 Bluejay Parkway,Jacksonville,FL,32215,+1 (904) 997-9828
525,Arron,Jarley,ajarleyek@dell.com,Male,801 Mesta Way,Pensacola,FL,32520,+1 (850) 831-4715
526,Shem,Cannop,scannopel@studiopress.com,Female,9561 Loeprich Alley,Bronx,NY,10474,+1 (917) 573-6250
527,,Waszkiewicz,,Male,,Colorado Springs,CO,80920,+1 (719) 190-6821
528,Jack,Yatman,jyatmanen@oaic.gov.au,Male,52812 Farwell Junction,Hyattsville,MD,20784,+1 (301) 623-9636
529,,Ould,,,,Orlando,FL,32854,+1 (407) 571-8474
530,Cristabel,Mudge,cmudgeep@cdc.gov,Male,96 Warrior Circle,Arlington,TX,76016,+1 (817) 304-3390
531,Myer,Thorneloe,mthorneloeeq@about.me,Male,9 Spohn Point,Roanoke,VA,24024,+1 (540) 412-4877
532,Tisha,Jefferd,tjefferder@lulu.com,Female,25318 West Drive,Whittier,CA,90610,+1 (562) 511-0944
533,,Edworthy,,Female,,Sarasota,FL,34238,+1 (941) 971-1668
534,Maryanna,Danev,mdanevet@imgur.com,,1359 Burning Wood Pass,Dallas,TX,75277,+1 (214) 435-4887
535,Way,Yurlov,wyurloveu@wiley.com,Male,718 Forest Run Drive,Grand Rapids,MI,49544,+1 (616) 788-3741
536,Maddy,Grayling,mgraylingev@goodreads.com,Female,12671 Express Circle,Houston,TX,77266,+1 (713) 678-4357
537,,Leonarde,,,,Winston Salem,NC,27150,+1 (336) 228-2416
538,,Shippey,,,,Roanoke,VA,24029,+1 (540) 240-2908
539,Minta,Newberry,mnewberryey@vinaora.com,,03488 Garrison Plaza,Hampton,VA,23668,+1 (757) 984-7572
540,Shaun,Ebbings,sebbingsez@toplist.cz,,6377 Scoville Crossing,Charlotte,NC,28215,+1 (704) 664-6034
541,,Aspinell,,Male,,Saint Petersburg,FL,33710,+1 (727) 814-2475
542,,,,,,,,,
543,Ann,Morby,amorbyf2@marketwatch.com,Male,3 Stoughton Park,Madison,WI,53790,+1 (608) 886-4300
544,,Yushmanov,,Female,,Washington,DC,20029,+1 (202) 575-2473
545,Falito,Whipp,fwhippf4@squarespace.com,,63902 Weeping Birch Junction,Lincoln,NE,68517,+1 (402) 806-0121
546,,Snugg,,,,Rochester,MN,55905,+1 (507) 910-6072
547,Hinda,Lufkin,hlufkinf6@shareasale.com,Male,840 Memorial Point,Augusta,GA,30905,+1 (706) 248-1606
548,Bobby,Oosthout de Vree,boosthoutdevreef7@ocn.ne.jp,Male,009 Marquette Court,Louisville,KY,40293,+1 (502) 758-9175
549,Cy,Greader,cgreaderf8@examiner.com,Female,57 Kropf Drive,Macon,GA,31296,+1 (478) 721-5917
550,Martynne,Rainford,mrainfordf9@newsvine.com,Male,601 Coolidge Hill,San Diego,CA,92160,+1 (619) 707-1303
551,Michele,,mpremblefa@tinypic.com,,8705 Northfield Terrace,,,,
552,,Sharples,,Male,,Tulsa,OK,74116,+1 (918) 716-3756
553,Pip,Burnes,pburnesfc@cdbaby.com,,60 Riverside Drive,Sioux Falls,SD,57193,+1 (605) 535-9189
554,Susannah,Brockhouse,sbrockhousefd@is.gd,,952 Bashford Plaza,New York City,NY,10249,+1 (212) 887-3225
555,Stillmann,M'Quhan,smquhanfe@ucsd.edu,,8 Hauk Park,Austin,TX,78759,+1 (512) 344-7287
556,Maurits,,mmackessockff@omniture.com,Female,412 Pennsylvania Trail,,,,
557,Alisander,Brennand,abrennandfg@salon.com,Female,00354 Mitchell Circle,Las Vegas,NV,89120,+1 (702) 445-7951
558,Nellie,Lydden,nlyddenfh@diigo.com,Female,0 Vera Park,Knoxville,TN,37931,+1 (865) 354-1786
559,Philippa,Castellet,pcastelletfi@arizona.edu,Male,9423 Thierer Park,Minneapolis,MN,55417,+1 (651) 971-9572
560,,,,Female,,,,,
561,Marlene,Straw,mstrawfk@ft.com,Male,9 Alpine Avenue,Houston,TX,77245,+1 (713) 262-2268
562,Tadio,Mercey,tmerceyfl@zdnet.com,,795 Lerdahl Hill,Staten Island,NY,10305,+1 (718) 671-3387
563,,,,Female,,,,,
564,Alyse,Adan,aadanfn@yahoo.com,Male,376 American Center,Cincinnati,OH,45254,+1 (513) 944-1638
565,Bil,,bhexumfo@ycombinator.com,Male,6 Corry Way,,,,
566,Josie,Turnell,jturnellfp@buzzfeed.com,Female,6 Montana Junction,Las Vegas,NV,89135,+1 (702) 181-8057
567,Sancho,Stoppard,sstoppardfq@mlb.com,Male,3 Gulseth Circle,Albuquerque,NM,87180,+1 (505) 915-8916
568,Ileane,Wozencroft,iwozencroftfr@yahoo.com,Female,773 Almo Trail,Sacramento,CA,95813,+1 (916) 192-7537
569,,Laviste,,,,El Paso,TX,79905,+1 (915) 285-9878
570,Gwennie,,gmccathieft@seesaa.net,Male,65 Mesta Street,,,,
571,,Sowood,,Male,,Springfield,MO,65810,+1 (417) 990-5876
572,Lynnelle,Garrettson,lgarrettsonfv@indiatimes.com,Male,92 Rusk Parkway,Roanoke,VA,24009,+1 (540) 419-0745
573,Abra,,amattimoefw@mozilla.com,,972 Commercial Parkway,,,,
574,Muffin,Mynett,mmynettfx@mayoclinic.com,,5334 Springs Avenue,Austin,TX,78783,+1 (512) 313-6252
575,Ferdinanda,Lenz,flenzfy@biblegateway.com,Male,6261 Pearson Plaza,New York City,NY,10203,+1 (212) 548-1993
576,Ronalda,Jime,rjimefz@multiply.com,Female,93965 Independence Drive,Saint Cloud,MN,56372,+1 (320) 481-0550
577,Mose,Scotting,mscottingg0@ox.ac.uk,Male,76677 Springs Alley,Colorado Springs,CO,80910,+1 (719) 313-2566
578,Dorris,Longfellow,dlongfellowg1@cloudflare.com,,4 Hayes Terrace,Fort Wayne,IN,46852,+1 (260) 184-6249
579,Ryun,Weddeburn,rweddeburng2@merriam-webster.com,,1190 Fallview Street,Springfield,MO,65805,+1 (417) 128-9999
580,Erma,Nazareth,enazarethg3@studiopress.com,,95 Green Ridge Street,Lansing,MI,48930,+1 (517) 426-0903
581,,Clymo,,Female,,Fort Worth,TX,76147,+1 (817) 377-2899
582,,Lazer,,Female,,Aurora,CO,80044,+1 (303) 550-6862
583,Ashien,Sapp,asappg6@123-reg.co.uk,Male,369 Ilene Parkway,Brockton,MA,02405,+1 (508) 611-8498
584,Tiebout,Lakenton,tlakentong7@wisc.edu,,65655 Pine View Road,Buffalo,NY,14263,+1 (716) 485-1753
585,Jody,Hawtin,jhawting8@redcross.org,,6297 Pierstorff Alley,Lake Worth,FL,33467,+1 (561) 943-0017
586,,,,Female,,,,,
587,Bobbee,Forcade,bforcadega@blinklist.com,,6 American Court,Asheville,NC,28805,+1 (828) 687-9459
588,Winfred,Wipfler,wwipflergb@rambler.ru,,20145 Lakewood Park,Salt Lake City,UT,84110,+1 (801) 216-8031
589,Trudey,Renney,trenneygc@amazon.co.jp,Male,485 Melody Court,Greensboro,NC,27415,+1 (336) 691-9375
590,Johann,Angric,jangricgd@deliciousdays.com,,454 Bartelt Point,Virginia Beach,VA,23459,+1 (757) 240-3097
591,,Letertre,,,,Oklahoma City,OK,73124,+1 (405) 880-2774
592,Nadia,Carmody,ncarmodygf@nydailynews.com,,7 Evergreen Road,Syracuse,NY,13210,+1 (315) 652-0861
593,,Sunnex,,Male,,Knoxville,TN,37924,+1 (865) 294-6633
594,Livvie,Bainbrigge,lbainbriggegh@mtv.com,Female,30183 Holy Cross Crossing,Irving,TX,75037,+1 (214) 895-7525
595,Avigdor,Hegden,ahegdengi@virginia.edu,Female,83244 Morning Terrace,Boston,MA,02208,+1 (617) 974-8451
596,,Christmas,,,,Wichita Falls,TX,76305,+1 (940) 248-9267
597,Dag,Combes,dcombesgk@vinaora.com,,2 Hanson Drive,Virginia Beach,VA,23454,+1 (757) 270-8871
598,Cornelius,MacParlan,cmacparlangl@wufoo.com,,63 Sage Lane,Greeley,CO,80638,+1 (970) 169-1719
599,,Lawson,,Male,,Seattle,WA,98175,+1 (206) 202-1275
600,Flss,Chowne,fchownegn@blogspot.com,Male,44267 Commercial Road,Grand Rapids,MI,49518,+1 (616) 284-3496
601,Trey,,tduckergo@etsy.com,Male,9 Badeau Hill,,,,
602,Violet,Cuniam,vcuniamgp@aboutads.info,,1050 Maple Wood Trail,Memphis,TN,38161,+1 (901) 345-0883
603,Kai,Hengoed,khengoedgq@shareasale.com,Female,375 Hermina Crossing,Cleveland,OH,44111,+1 (216) 292-0640
604,,Aspy,,,,White Plains,NY,10606,+1 (914) 459-3421
605,Monty,Pickersail,mpickersailgs@studiopress.com,Female,21545 Pierstorff Hill,Milwaukee,WI,53225,+1 (414) 405-4446
606,,Guiot,,,,Danbury,CT,06816,+1 (203) 398-1109
607,Eugenio,,etomalagu@comcast.net,Male,13 Meadow Ridge Pass,,,,
608,Gannon,Boow,gboowgv@reddit.com,Male,377 Leroy Plaza,Chesapeake,VA,23324,+1 (757) 293-4032
609,Paquito,Estevez,pestevezgw@hexun.com,,0 Loomis Park,Chattanooga,TN,37416,+1 (423) 378-8723
610,,Page,,Male,,Philadelphia,PA,19184,+1 (215) 730-0004
611,Ransell,,rcornillotgy@thetimes.co.uk,Male,15967 Gale Parkway,,,,
612,Gabriel,Kaesmans,gkaesmansgz@ask.com,,2576 Trailsway Point,Sioux City,IA,51105,+1 (712) 734-9358
613,Jarad,Murphey,jmurpheyh0@statcounter.com,Female,30 Columbus Center,San Bernardino,CA,92410,+1 (909) 506-4265
614,Hallsy,,hruffeyh1@cbslocal.com,Female,586 Quincy Pass,,,,
615,,Mixter,,Female,,Fairfield,CT,06825,+1 (203) 148-1758
616,Agatha,Moneypenny,amoneypennyh3@a8.net,Female,7126 Bonner Parkway,Sioux City,IA,51105,+1 (712) 250-9838
617,Margareta,Richold,mricholdh4@cmu.edu,Male,498 Bowman Street,Brooklyn,NY,11254,+1 (212) 202-6335
618,Timoteo,Ygoe,tygoeh5@mysql.com,Male,854 Waxwing Terrace,Sarasota,FL,34276,+1 (941) 631-6001
619,Kile,Kilrow,kkilrowh6@dion.ne.jp,Female,86 Moose Circle,El Paso,TX,88519,+1 (915) 867-3775
620,Tory,,tfollowsh7@hostgator.com,Male,0727 Garrison Terrace,,,,
621,,,,,,,,,
622,Amelie,Ivanusyev,aivanusyevh9@godaddy.com,Male,67 Arapahoe Point,Washington,DC,20599,+1 (202) 389-8866
623,Deloris,Howood,dhowoodha@sbwire.com,Female,26 Kensington Point,New York City,NY,10045,+1 (212) 946-2230
624,Claudetta,Drewson,cdrewsonhb@soup.io,Female,1 Bayside Junction,Suffolk,VA,23436,+1 (757) 797-4711
625,Arlan,Barthorpe,abarthorpehc@sitemeter.com,,6666 Graedel Lane,Young America,MN,55557,+1 (952) 762-8478
626,Denys,,dmccaighd@creativecommons.org,,19260 Bowman Park,,,,
627,Gayla,Brookbank,gbrookbankhe@bing.com,,6 Carberry Center,Trenton,NJ,08619,+1 (609) 234-4633
628,Ethelred,,eisgarhf@rakuten.co.jp,Female,6053 Warrior Terrace,,,,
629,Emmalyn,Lob,elobhg@guardian.co.uk,,501 Atwood Court,Wichita,KS,67205,+1 (316) 643-5352
630,Jacquette,Killough,jkilloughhh@boston.com,Male,50554 Swallow Way,Cincinnati,OH,45223,+1 (513) 563-4556
631,Courtney,Rounce,crouncehi@theatlantic.com,,327 Dovetail Court,Mobile,AL,36610,+1 (251) 864-0380
632,,Wernham,,Male,,Houston,TX,77085,+1 (281) 524-3005
633,Atlante,,amainehk@virginia.edu,,12 Eggendart Parkway,,,,
634,Wally,Edwards,wedwardshl@bloglines.com,Female,20236 Laurel Trail,Mesa,AZ,85210,+1 (602) 137-5599
635,,Daveley,,Female,,Nashville,TN,37250,+1 (615) 518-4575
636,Reagen,Cutriss,rcutrisshn@canalblog.com,,1594 Annamark Pass,Gary,IN,46406,+1 (219) 468-9336
637,Chuck,Kennham,ckennhamho@ow.ly,,828 Eliot Park,New York City,NY,10004,+1 (212) 852-7474
638,Rowland,,rphilipardhp@wp.com,,080 Dottie Road,,,,
639,Vanna,Gircke,vgirckehq@tripadvisor.com,Male,8 Del Mar Pass,Washington,DC,20016,+1 (202) 393-1253
640,Correna,Gent,cgenthr@opensource.org,Female,597 Sauthoff Terrace,San Luis Obispo,CA,93407,+1 (805) 465-1813
641,Iona,Eliasen,ieliasenhs@nytimes.com,Female,461 Bonner Plaza,Young America,MN,55573,+1 (952) 244-4649
642,Cindi,Bailiss,cbailissht@e-recht24.de,Male,9 Annamark Point,Springfield,IL,62764,+1 (217) 716-8628
643,Duncan,Trask,dtraskhu@parallels.com,Female,7 Jay Drive,Jacksonville,FL,32215,+1 (904) 151-2218
644,Arlen,McBlain,amcblainhv@opensource.org,,15 Northwestern Pass,New Castle,PA,16107,+1 (724) 297-2371
645,Martie,Sparsholt,msparsholthw@github.com,,84699 Arrowood Junction,Phoenix,AZ,85015,+1 (480) 190-1937
646,Pietro,Yann,pyannhx@slate.com,Male,491 Dawn Way,New Haven,CT,06510,+1 (203) 258-6448
647,,Banasiak,,Female,,New Castle,PA,16107,+1 (724) 124-1088
648,Marietta,Howson,mhowsonhz@princeton.edu,,19 Westridge Terrace,New Haven,CT,06538,+1 (203) 208-6166
649,Matteo,Theml,mthemli0@wikimedia.org,Female,7559 Grasskamp Center,Arlington,VA,22212,+1 (571) 722-1799
650,Daniella,Bernadzki,dbernadzkii1@ezinearticles.com,,1458 Muir Junction,Portland,OR,97240,+1 (971) 699-9726
651,Margaretha,Cribbott,mcribbotti2@vistaprint.com,Female,42 Meadow Ridge Center,Norfolk,VA,23551,+1 (757) 758-7028
652,Barbey,Kilpatrick,bkilpatricki3@ted.com,,9 Pierstorff Plaza,Saint Louis,MO,63121,+1 (314) 741-9700
653,,Papaminas,,Female,,Littleton,CO,80161,+1 (720) 384-8565
654,,Ranscombe,,,,Columbus,MS,39705,+1 (662) 556-7151
655,Bambie,,bcollerani6@devhub.com,,1337 Merchant Junction,,,,
656,,,,Male,,,,,
657,Obadiah,MacDiarmid,omacdiarmidi8@csmonitor.com,,70 Ludington Center,Boca Raton,FL,33432,+1 (561) 609-6911
658,Skelly,Crilley,scrilleyi9@fc2.com,,12 Everett Trail,Killeen,TX,76544,+1 (254) 250-0538
659,Erick,Spence,espenceia@mozilla.org,Male,80296 Merry Plaza,New York City,NY,10034,+1 (646) 764-3061
660,Bev,Sandars,bsandarsib@hud.gov,,1 Summer Ridge Parkway,Washington,DC,20575,+1 (202) 676-5486
661,,Manlow,,Male,,Lansing,MI,48930,+1 (517) 539-6204
662,Ellynn,Delgadillo,edelgadilloid@ox.ac.uk,,215 Dawn Way,Bethesda,MD,20892,+1 (301) 147-8552
663,Rona,Keston,rkestonie@netlog.com,,8 Bluestem Alley,Alexandria,LA,71307,+1 (318) 900-9487
664,Kerrill,Santarelli,ksantarelliif@discuz.net,Male,816 Dexter Road,Montgomery,AL,36177,+1 (334) 235-9281
665,Kriste,Ledster,kledsterig@wufoo.com,,3 Northport Lane,Huntsville,AL,35895,+1 (256) 627-7046
666,Kassi,Showt,kshowtih@icio.us,Male,0448 Shoshone Center,Bowie,MD,20719,+1 (240) 691-4236
667,Gigi,Southgate,gsouthgateii@skyrock.com,,92 Valley Edge Lane,Austin,TX,78769,+1 (512) 603-2881
668,,Gabits,,Female,,Lancaster,PA,17605,+1 (717) 123-6268
669,,,,Female,,,,,
670,Gladys,Noot,gnootil@wordpress.org,Male,93 Southridge Parkway,Portland,OR,97201,+1 (503) 622-6551
671,Winny,,wcoyishim@wordpress.org,,349 Arkansas Alley,,,,
672,Jessie,Westell,jwestellin@google.ru,,0 Gerald Court,Tyler,TX,75799,+1 (903) 532-9314
673,,Devanny,,Female,,Oklahoma City,OK,73197,+1 (405) 879-9161
674,,Matuszyk,,,,Fort Myers,FL,33906,+1 (239) 546-2439
675,Farrel,Scriver,fscriveriq@macromedia.com,Female,645 Bashford Pass,Albany,NY,12237,+1 (518) 570-4516
676,,Adenot,,Male,,Fayetteville,NC,28305,+1 (910) 110-4877
677,Olivette,Kuller,okulleris@tmall.com,,6173 Porter Junction,Ogden,UT,84409,+1 (801) 968-6457
678,,Grigoryov,,Female,,Pasadena,TX,77505,+1 (281) 404-9865
679,Ellerey,,eborleaseiu@canalblog.com,Male,372 Southridge Hill,,,,
680,Moria,Haslum,mhaslumiv@bigcartel.com,Male,5729 Monica Road,Sacramento,CA,94263,+1 (916) 896-8401
681,Des,Maddra,dmaddraiw@com.com,,182 Granby Hill,Portland,OR,97201,+1 (971) 543-8989
682,,Piele,,,,Tucson,AZ,85705,+1 (520) 959-3300
683,Nappy,,nlamliniy@angelfire.com,,15211 Sachtjen Place,,,,
684,Charita,Nannini,cnanniniiz@techcrunch.com,Male,5 Gale Terrace,Las Vegas,NV,89193,+1 (702) 578-7294
685,,Scotney,,,,Phoenix,AZ,85077,+1 (602) 917-5013
686,Cookie,Farron,cfarronj1@baidu.com,Female,7 Doe Crossing Point,Port Washington,NY,11054,+1 (516) 631-5226
687,Trev,Larret,tlarretj2@sakura.ne.jp,,28811 Anzinger Avenue,Sterling,VA,20167,+1 (571) 147-5375
688,Marlo,Setchell,msetchellj3@reference.com,,56 Almo Court,Washington,DC,20062,+1 (202) 805-1828
689,Mycah,Eversley,meversleyj4@pen.io,,09595 Beilfuss Road,Miami,FL,33261,+1 (305) 589-9455
690,Bibi,Hawney,bhawneyj5@boston.com,Female,6137 Hoard Road,Huntsville,TX,77343,+1 (936) 966-8755
691,Cesaro,Berger,cbergerj6@spiegel.de,Female,08668 Gerald Trail,Roanoke,VA,24029,+1 (540) 462-9673
692,Elinore,Llewellyn,ellewellynj7@utexas.edu,Female,7 Larry Circle,Tulsa,OK,74156,+1 (918) 409-3788
693,Kali,Gouley,kgouleyj8@soup.io,,2 Kensington Park,Springfield,MO,65898,+1 (417) 704-6471
694,Bessie,,braymentj9@photobucket.com,,01 Oxford Trail,,,,
695,,Melsom,,Female,,Washington,DC,20260,+1 (202) 733-8574
696,Yevette,Roper,yroperjb@apache.org,,87327 Boyd Lane,Des Moines,IA,50981,+1 (515) 306-2441
697,Juli,Moneti,jmonetijc@prweb.com,,1940 Meadow Ridge Avenue,Saint Louis,MO,63158,+1 (314) 425-1965
698,Neddy,Colerick,ncolerickjd@cafepress.com,,408 Spenser Lane,Mountain View,CA,94042,+1 (650) 181-7654
699,Aleen,Feldberger,afeldbergerje@51.la,,474 Pankratz Pass,Galveston,TX,77554,+1 (281) 106-3191
700,Germana,Gergler,ggerglerjf@discuz.net,Female,44 Sycamore Lane,Cincinnati,OH,45249,+1 (513) 510-8233
701,Mort,Dodds,mdoddsjg@slideshare.net,,5562 Gina Pass,Colorado Springs,CO,80935,+1 (719) 969-6017
702,,Jones,,,,Greensboro,NC,27425,+1 (336) 251-0504
703,Gaston,,gpuzeyji@typepad.com,Male,54 Evergreen Park,,,,
704,Frederique,Tryme,ftrymejj@salon.com,Female,2 Luster Hill,Muncie,IN,47306,+1 (765) 562-5165
705,Vitia,Cundict,vcundictjk@sitemeter.com,,3042 Sunnyside Alley,Falls Church,VA,22047,+1 (571) 232-1471
706,Pollyanna,Sargant,psargantjl@printfriendly.com,Female,25 Brickson Park Lane,Charlotte,NC,28235,+1 (704) 339-8401
707,Gaspar,Vardy,gvardyjm@theatlantic.com,Male,989 Sunnyside Alley,Torrance,CA,90505,+1 (310) 292-1557
708,Lorettalorna,Isaak,lisaakjn@example.com,,29 Bluejay Hill,Las Vegas,NV,89145,+1 (702) 156-1896
709,,Roistone,,Female,,Lexington,KY,40515,+1 (859) 924-9227
710,Ly,Pittendreigh,lpittendreighjp@angelfire.com,,550 Ludington Pass,Birmingham,AL,35263,+1 (205) 493-8927
711,Gaven,Velasquez,gvelasquezjq@globo.com,Male,79 Claremont Avenue,Oklahoma City,OK,73190,+1 (405) 727-2690
712,Shayna,Huncote,shuncotejr@noaa.gov,Male,7 Sutherland Crossing,Birmingham,AL,35215,+1 (205) 687-5798
713,Patric,Hutchason,phutchasonjs@bravesites.com,,00418 Esch Terrace,Oklahoma City,OK,73197,+1 (405) 849-0576
714,Sinclare,Giorgione,sgiorgionejt@upenn.edu,,33033 Nevada Road,Seattle,WA,98195,+1 (206) 307-7399
715,Clement,Sneesby,csneesbyju@paginegialle.it,Male,393 Canary Terrace,Birmingham,AL,35220,+1 (205) 691-2484
716,Elmo,Brownbridge,ebrownbridgejv@google.pl,,25003 Nobel Center,Detroit,MI,48275,+1 (313) 454-8877
717,Morrie,Owenson,mowensonjw@chronoengine.com,,21805 Porter Place,Chattanooga,TN,37410,+1 (423) 438-8058
718,Kriste,,kletertrejx@patch.com,,8 Stuart Lane,,,,
719,Cindy,Blogg,cbloggjy@oakley.com,Female,625 Larry Circle,Houston,TX,77218,+1 (713) 216-3878
720,Rici,Rollo,rrollojz@yahoo.com,,20 Dunning Road,Salt Lake City,UT,84145,+1 (801) 338-0739
721,Lotti,Sweeney,lsweeneyk0@histats.com,Female,42998 Autumn Leaf Road,Erie,PA,16550,+1 (814) 787-4400
722,,Nicklin,,Male,,Cincinnati,OH,45203,+1 (513) 949-4481
723,Victoria,Bradforth,vbradforthk2@cam.ac.uk,Male,01 Schiller Pass,Dayton,OH,45470,+1 (937) 259-0073
724,Carver,Roncelli,croncellik3@mozilla.org,,6 Sunfield Pass,Providence,RI,02912,+1 (401) 656-1824
725,,McMylor,,Female,,Austin,TX,78754,+1 (512) 389-3818
726,Drona,,dthreadgoldk5@pbs.org,Male,13358 Oxford Lane,,,,
727,Isa,Geaveny,igeavenyk6@cnet.com,,150 Dawn Way,Cape Coral,FL,33915,+1 (239) 390-1042
728,Vivienne,Scogin,vscogink7@washingtonpost.com,Female,64 Eagan Place,Fargo,ND,58106,+1 (701) 917-6645
729,Marcelia,Percy,mpercyk8@walmart.com,Female,5 Glendale Way,Knoxville,TN,37995,+1 (865) 292-2439
730,Zabrina,Skyppe,zskyppek9@wordpress.com,Male,238 Cordelia Trail,Sioux Falls,SD,57193,+1 (605) 235-3447
731,Dorotea,Mountfort,dmountfortka@artisteer.com,Female,24853 Artisan Center,Washington,DC,20540,+1 (202) 289-1530
732,,Brudenell,,Female,,Montgomery,AL,36125,+1 (334) 855-9874
733,,Loton,,,,Baton Rouge,LA,70820,+1 (225) 354-4078
734,Gary,Worpole,gworpolekd@moonfruit.com,Male,989 Bonner Lane,Fairbanks,AK,99790,+1 (907) 192-0494
735,Roland,Plaistowe,rplaistoweke@angelfire.com,Female,10706 Del Mar Way,Bethesda,MD,20816,+1 (301) 786-8355
736,Lolly,Pierse,lpiersekf@blogger.com,,7 Cascade Circle,Baltimore,MD,21282,+1 (410) 250-9335
737,Jayne,,jmagogkg@biblegateway.com,,2 Thierer Trail,,,,
738,Stacey,,sparnhamkh@netscape.com,Female,4009 Lake View Park,,,,
739,Anderson,Padwick,apadwickki@arizona.edu,,8852 Porter Court,Washington,DC,20530,+1 (202) 554-3987
740,Nolana,Dack,ndackkj@alibaba.com,Female,79 Clove Road,Charlotte,NC,28230,+1 (704) 132-1558
741,Lauretta,Memmory,lmemmorykk@blogtalkradio.com,,1 Arizona Crossing,Bronx,NY,10464,+1 (917) 153-6993
742,Melvyn,Hiers,mhierskl@xrea.com,Female,63 Laurel Court,Springfield,MA,01129,+1 (413) 884-0942
743,Ham,Houlahan,hhoulahankm@1688.com,Female,65976 Blackbird Point,Sacramento,CA,94230,+1 (916) 938-4759
744,Kirby,Late,klatekn@hubpages.com,Male,21 Union Center,Tampa,FL,33615,+1 (813) 961-2929
745,Enriqueta,Balwin,ebalwinko@salon.com,Female,02 Grayhawk Park,Gainesville,FL,32610,+1 (352) 495-1773
746,Raquel,Barnwille,rbarnwillekp@nbcnews.com,Female,71 Hoffman Court,Duluth,GA,30096,+1 (678) 390-3764
747,,Soppit,,,,Henderson,NV,89012,+1 (702) 490-1344
748,Kasper,Plascott,kplascottkr@howstuffworks.com,Male,9354 Namekagon Road,Cheyenne,WY,82007,+1 (307) 349-9398
749,,Garbott,,Female,,Shawnee Mission,KS,66210,+1 (913) 677-5444
750,Vern,Simon,vsimonkt@cyberchimps.com,,395 Manitowish Street,Vancouver,WA,98664,+1 (360) 799-5617
751,Osbert,O'Fairy,oofairyku@sina.com.cn,,1 Elgar Place,New Haven,CT,06538,+1 (203) 526-7909
752,,Walden,,,,Dallas,TX,75397,+1 (214) 740-4240
753,Wilburt,Delicate,wdelicatekw@timesonline.co.uk,Male,856 Trailsway Lane,Richmond,VA,23289,+1 (804) 215-9833
754,,Delnevo,,Male,,Annapolis,MD,21405,+1 (410) 139-2555
755,Candide,Wormleighton,cwormleightonky@yahoo.co.jp,Male,817 Nevada Way,Inglewood,CA,90398,+1 (310) 179-7105
756,,Girt,,Female,,Lexington,KY,40505,+1 (859) 487-3098
757,,Meas,,Female,,Atlanta,GA,30311,+1 (678) 149-8032
758,Murdoch,Elgey,melgeyl1@hao123.com,Female,27127 Sunnyside Alley,Charlottesville,VA,22903,+1 (540) 575-7340
759,Francesco,Lemary,flemaryl2@myspace.com,Male,97 Shopko Way,Las Vegas,NV,89130,+1 (702) 278-4093
760,Iain,Biggans,ibiggansl3@ycombinator.com,Female,950 Hazelcrest Alley,Lake Charles,LA,70607,+1 (337) 965-8628
761,,Kellard,,,,Louisville,KY,40298,+1 (502) 379-9173
762,Alejandrina,Flasby,aflasbyl5@zdnet.com,Female,50454 Utah Circle,Los Angeles,CA,90076,+1 (323) 901-4976
763,Bliss,Burne,bburnel6@dagondesign.com,,868 Randy Terrace,Erie,PA,16522,+1 (814) 603-6195
764,Joice,Finlow,jfinlowl7@joomla.org,Female,82 Buena Vista Hill,Salt Lake City,UT,84152,+1 (801) 350-2186
765,,Thomkins,,Female,,Boston,MA,02119,+1 (978) 866-8510
766,,,,,,,,,
767,Norrie,Fuke,nfukela@rediff.com,Female,5546 Maple Junction,Atlanta,GA,30340,+1 (404) 863-8508
768,Matty,Kiwitz,mkiwitzlb@dagondesign.com,Female,46 Blue Bill Park Plaza,Orlando,FL,32830,+1 (407) 579-3508
769,Marabel,Garbett,mgarbettlc@census.gov,Female,16712 Loomis Circle,Oakland,CA,94622,+1 (510) 360-8003
770,Kirstyn,Bowdery,kbowderyld@squarespace.com,Female,109 Arkansas Court,Toledo,OH,43605,+1 (419) 965-8061
771,Mortimer,Dukesbury,mdukesburyle@wsj.com,Female,04 Prentice Plaza,El Paso,TX,79968,+1 (915) 567-3051
772,Ash,Dummigan,adummiganlf@vistaprint.com,Female,02225 Scoville Alley,Honolulu,HI,96805,+1 (808) 231-4608
773,Caryn,Merry,cmerrylg@networksolutions.com,,5 Melrose Drive,Topeka,KS,66617,+1 (785) 428-0204
774,,Moring,,Male,,Springfield,IL,62705,+1 (217) 347-1007
775,Adrienne,Thurlbeck,athurlbeckli@zdnet.com,,01 Pond Crossing,San Mateo,CA,94405,+1 (805) 810-9040
776,Kain,Seamen,kseamenlj@weather.com,,397 Rowland Terrace,Bonita Springs,FL,34135,+1 (941) 238-6073
777,Rahal,Culleford,rcullefordlk@amazon.de,,79 Dixon Trail,Lincoln,NE,68524,+1 (402) 192-1657
778,Ahmed,Libbis,alibbisll@de.vu,Male,49961 Mcguire Place,Milwaukee,WI,53205,+1 (920) 367-8153
779,Dacey,Hairs,dhairslm@google.fr,Male,51735 Texas Alley,Corona,CA,92883,+1 (626) 454-2424
780,Kati,,kpracyln@pagesperso-orange.fr,,26 Warner Pass,,,,
781,Ash,Shobrook,ashobrooklo@51.la,,03 Lakewood Gardens Plaza,Columbia,SC,29240,+1 (803) 570-4471
782,Sigismond,Blagden,sblagdenlp@pen.io,,14213 School Way,Champaign,IL,61825,+1 (217) 952-1755
783,Nanon,Cubbon,ncubbonlq@histats.com,,634 Lotheville Court,Chicago,IL,60681,+1 (312) 431-8983
784,,Olyfant,,,,Indianapolis,IN,46266,+1 (317) 543-3744
785,Yanaton,Barkes,ybarkesls@issuu.com,Male,3 Bowman Junction,Saint Paul,MN,55108,+1 (651) 157-4430
786,Edsel,Manuelli,emanuellilt@mayoclinic.com,Female,855 Mesta Pass,Washington,DC,20260,+1 (202) 917-0214
787,Jena,McGenis,jmcgenislu@drupal.org,,030 Eagan Point,Knoxville,TN,37995,+1 (865) 588-1984
788,Aurelie,Enriques,aenriqueslv@nytimes.com,Male,92 Summit Road,Hartford,CT,06183,+1 (860) 721-8850
789,,Lowndsborough,,,,Houston,TX,77040,+1 (979) 868-1777
790,Kiersten,,kbaudinellilx@answers.com,,802 American Park,,,,
791,Artemis,,ablackhallly@va.gov,,6577 Dwight Center,,,,
792,Boone,Ring,bringlz@histats.com,Male,765 Hoffman Junction,Anniston,AL,36205,+1 (256) 212-5240
793,Chas,Dominguez,cdominguezm0@php.net,,35498 Brickson Park Lane,Nashville,TN,37240,+1 (615) 804-2494
794,Susanetta,Dwerryhouse,sdwerryhousem1@tripadvisor.com,Male,756 Hauk Circle,Longview,TX,75605,+1 (903) 587-5795
795,Kin,,khemmingwaym2@bing.com,Female,648 Pennsylvania Lane,,,,
796,Algernon,Bannell,abannellm3@tuttocitta.it,Male,5 Lakeland Plaza,Syracuse,NY,13210,+1 (315) 986-8289
797,,Loade,,Male,,Mobile,AL,36628,+1 (251) 396-8240
798,North,Gourlie,ngourliem5@fastcompany.com,,4 Graedel Way,Killeen,TX,76544,+1 (254) 408-8603
799,Fallon,Bruce,fbrucem6@jigsy.com,Male,08348 Oakridge Center,Falls Church,VA,22047,+1 (571) 123-5286
800,Maddie,Sully,msullym7@va.gov,Male,0 Bunting Place,Sioux Falls,SD,57105,+1 (605) 690-4244
801,Perla,Hertwell,phertwellm8@360.cn,Female,0645 Macpherson Plaza,Madison,WI,53779,+1 (608) 366-5228
802,Mile,Fortesquieu,mfortesquieum9@howstuffworks.com,Female,54 Green Ridge Trail,Cincinnati,OH,45238,+1 (513) 145-2207
803,Jillene,Carlon,jcarlonma@businessweek.com,,7755 Monument Way,Springfield,MA,01152,+1 (413) 663-7256
804,,Meriott,,,,San Antonio,TX,78230,+1 (830) 864-9077
805,,Clingan,,Female,,Loretto,MN,55598,+1 (763) 454-5045
806,Amata,Greep,agreepmd@about.me,Female,7199 Dryden Road,Amarillo,TX,79116,+1 (806) 481-4126
807,Brendan,Kettlesting,bkettlestingme@kickstarter.com,Female,7509 Morrow Way,Brooklyn,NY,11241,+1 (347) 128-5085
808,,Kibby,,Male,,Port Washington,NY,11054,+1 (516) 835-7506
809,Nealy,Renison,nrenisonmg@walmart.com,,77 Sachs Road,Katy,TX,77493,+1 (281) 826-4806
810,Lolly,,lmccreedymh@columbia.edu,,3245 Northridge Center,,,,
811,,Rapi,,,,Colorado Springs,CO,80945,+1 (719) 249-3299
812,Ozzy,Dureden,oduredenmj@google.de,Male,9328 Pine View Terrace,San Jose,CA,95113,+1 (408) 727-7667
813,Fawn,Carnoghan,fcarnoghanmk@xrea.com,,53593 Granby Avenue,Apache Junction,AZ,85219,+1 (480) 313-1723
814,,Trigg,,,,Houston,TX,77240,+1 (713) 519-7298
815,Dottie,Tiffin,dtiffinmm@abc.net.au,Female,3 Maryland Circle,Valley Forge,PA,19495,+1 (484) 275-3538
816,Hobart,,hbethammn@desdev.cn,Male,1 Kinsman Pass,,,,
817,Cam,David,cdavidmo@guardian.co.uk,,29 Hermina Alley,Lincoln,NE,68510,+1 (402) 697-8051
818,Jenda,Cahalin,jcahalinmp@diigo.com,,4902 Canary Plaza,Miami,FL,33147,+1 (305) 764-6317
819,,Clarson,,Female,,Galveston,TX,77554,+1 (281) 959-7972
820,,Eatttok,,,,Independence,MO,64054,+1 (816) 942-0224
821,,Batchelar,,Female,,Santa Clara,CA,95054,+1 (831) 202-1257
822,Martin,Tough,mtoughmt@hubpages.com,,93 Rowland Center,Virginia Beach,VA,23454,+1 (757) 389-8901
823,Catrina,Sawforde,csawfordemu@mapy.cz,Female,48 Lakeland Road,Louisville,KY,40205,+1 (502) 847-5734
824,,Deware,,Male,,Littleton,CO,80161,+1 (303) 164-1505
825,Taber,Raistrick,traistrickmw@blogs.com,,0202 Kinsman Circle,Oklahoma City,OK,73157,+1 (405) 703-6945
826,Warren,Rodolfi,wrodolfimx@statcounter.com,Female,396 Washington Junction,Washington,DC,20575,+1 (202) 104-1530
827,,Witul,,Female,,Columbia,SC,29225,+1 (803) 287-1175
828,,Crosio,,Female,,San Antonio,TX,78245,+1 (210) 353-5820
829,,Haldon,,,,Littleton,CO,80127,+1 (303) 721-1670
830,Richardo,Yerrington,ryerringtonn1@addtoany.com,Female,64 Bobwhite Trail,Washington,DC,20029,+1 (202) 146-6803
831,Aggie,,amaragesn2@wufoo.com,,60688 Ilene Court,,,,
832,Hubey,Derks,hderksn3@chron.com,,33 Clyde Gallagher Terrace,Johnson City,TN,37605,+1 (423) 229-3650
833,Emery,,esimonen4@wordpress.org,Female,52 Corben Alley,,,,
834,Veronika,Muggleston,vmugglestonn5@nba.com,Female,7714 Summerview Trail,Memphis,TN,38104,+1 (901) 499-1568
835,Amie,Nosworthy,anosworthyn6@pagesperso-orange.fr,,81 Butterfield Drive,Oakland,CA,94627,+1 (510) 917-3669
836,Jocelyn,Barnsdall,jbarnsdalln7@sohu.com,Female,5 Kipling Street,Lexington,KY,40515,+1 (859) 667-7902
837,Patricio,Parkeson,pparkesonn8@icio.us,,46129 Daystar Street,Chicago,IL,60652,+1 (312) 608-8621
838,Florri,Teal,ftealn9@cisco.com,Male,50514 Blue Bill Park Parkway,Miami,FL,33175,+1 (305) 932-4144
839,Clifford,Dacey,cdaceyna@theatlantic.com,Male,4 Ohio Parkway,Oklahoma City,OK,73109,+1 (405) 944-3536
840,Kayley,Burgwin,kburgwinnb@ihg.com,Male,2099 Sugar Circle,Washington,DC,20310,+1 (202) 240-6426
841,Nehemiah,,ncaughtenc@elegantthemes.com,,194 Dwight Point,,,,
842,Mandi,,mgeggnd@ebay.com,Female,2 Park Meadow Way,,,,
843,Zenia,Stoffler,zstofflerne@wikispaces.com,,5659 1st Way,Worcester,MA,01605,+1 (508) 183-2536
844,Dari,Gash,dgashnf@marriott.com,Male,6 South Alley,Prescott,AZ,86305,+1 (520) 476-8791
845,Duff,Elfe,delfeng@cloudflare.com,,5696 Johnson Alley,Chicago,IL,60657,+1 (773) 754-2652
846,Petronia,Weild,pweildnh@businesswire.com,,35 Morningstar Avenue,Aurora,IL,60505,+1 (331) 700-6031
847,Brantley,Cobleigh,bcobleighni@ed.gov,Female,78 Eggendart Road,Terre Haute,IN,47812,+1 (812) 356-3214
848,Willem,Noulton,wnoultonnj@alibaba.com,,2856 Westend Circle,Raleigh,NC,27690,+1 (919) 833-4586
849,Neils,Arendsen,narendsennk@elegantthemes.com,,31170 Macpherson Terrace,Honolulu,HI,96835,+1 (808) 802-8360
850,Waite,Wagner,wwagnernl@harvard.edu,Male,981 Forster Pass,Knoxville,TN,37939,+1 (865) 616-0153
851,Johny,Stabbins,jstabbinsnm@china.com.cn,Male,453 Golf Course Center,Valley Forge,PA,19495,+1 (484) 646-0348
852,Jolene,Cansdill,jcansdillnn@bloomberg.com,,09585 Tony Crossing,Bakersfield,CA,93305,+1 (805) 403-6097
853,Niki,Nunes Nabarro,nnunesnabarrono@alibaba.com,,216 Forest Dale Trail,Waco,TX,76796,+1 (254) 116-6586
854,Arturo,Milius,amiliusnp@google.pl,Female,39 Troy Plaza,Lynchburg,VA,24503,+1 (434) 393-2931
855,,Hawkyens,,Male,,Charlottesville,VA,22908,+1 (434) 741-4027
856,Steward,Lesor,slesornr@php.net,,97306 Amoth Circle,Newark,NJ,07112,+1 (973) 239-8969
857,Eal,O'Hickey,eohickeyns@virginia.edu,Male,579 Blue Bill Park Pass,Akron,OH,44393,+1 (234) 265-1954
858,Merrill,Osichev,mosichevnt@abc.net.au,,8 Northfield Avenue,Evanston,IL,60208,+1 (847) 853-2894
859,,,,,,,,,
860,Anissa,Schooley,aschooleynv@nytimes.com,Female,2247 Bonner Way,Omaha,NE,68197,+1 (402) 100-0477
861,Luce,Ducket,lducketnw@state.gov,Male,622 Service Way,Newport Beach,CA,92662,+1 (949) 325-0457
862,Kanya,Cruwys,kcruwysnx@scientificamerican.com,Male,1676 Roth Crossing,Chicago,IL,60624,+1 (312) 374-4407
863,Remington,Janic,rjanicny@ucla.edu,Male,82297 Columbus Junction,Jackson,MS,39282,+1 (601) 649-5086
864,,Houchen,,Female,,Rockford,IL,61105,+1 (815) 421-2689
865,Lamont,Rugg,lruggo0@aol.com,,63 Russell Avenue,Houston,TX,77260,+1 (713) 723-9265
866,Jodee,Mickelwright,jmickelwrighto1@blog.com,Male,4130 Texas Alley,Norfolk,VA,23551,+1 (757) 557-4051
867,Terrill,Dominetti,tdominettio2@indiatimes.com,Female,8594 Becker Drive,Tacoma,WA,98442,+1 (253) 647-5938
868,,Keoghane,,Female,,Phoenix,AZ,85020,+1 (480) 345-8877
869,,Giscken,,Male,,San Antonio,TX,78225,+1 (210) 822-1672
870,Joanie,Penwell,jpenwello5@thetimes.co.uk,Female,24 Colorado Alley,Cedar Rapids,IA,52405,+1 (319) 255-7204
871,Fax,Gissop,fgissopo6@wired.com,Male,3 Forest Run Junction,Chicago,IL,60614,+1 (312) 400-1177
872,Dorothea,Allerton,dallertono7@epa.gov,Male,01 Calypso Junction,Columbus,OH,43210,+1 (614) 700-5798
873,Vivia,Aspland,vasplando8@imdb.com,Male,77073 Nevada Drive,Indianapolis,IN,46266,+1 (317) 384-2149
874,Devland,Grellier,dgrelliero9@nih.gov,Male,58966 Charing Cross Point,Santa Fe,NM,87592,+1 (505) 896-3829
875,Ardisj,Kummerlowe,akummerloweoa@etsy.com,Female,26519 Mesta Drive,Atlanta,GA,30336,+1 (404) 293-7512
876,Flossi,Bellhanger,fbellhangerob@mozilla.org,,10 Brickson Park Place,Detroit,MI,48217,+1 (313) 861-9338
877,Flora,Chatterton,fchattertonoc@exblog.jp,,9 Mayfield Terrace,San Francisco,CA,94164,+1 (415) 936-1612
878,Emmalynne,Mannakee,emannakeeod@dot.gov,Male,36 Roxbury Alley,Utica,NY,13505,+1 (315) 591-6934
879,Brietta,Sparey,bspareyoe@bluehost.com,Male,92 Monica Street,Arlington,TX,76096,+1 (214) 808-1923
880,Artemus,Behn,abehnof@state.tx.us,Female,93 Michigan Hill,Norfolk,VA,23551,+1 (757) 485-2750
881,,Idenden,,,,New York City,NY,10090,+1 (212) 489-1195
882,Troy,,ttwiddyoh@psu.edu,Male,85772 Aberg Hill,,,,
883,Jarvis,,jgynneoi@usnews.com,,02349 Ronald Regan Avenue,,,,
884,,Janny,,,,Sacramento,CA,95833,+1 (916) 794-8393
885,Tommy,Yakunin,tyakuninok@google.com.au,Female,85355 Mallard Center,Detroit,MI,48211,+1 (810) 910-8135
886,Meade,Kyston,mkystonol@statcounter.com,Male,4 Veith Place,Inglewood,CA,90398,+1 (310) 852-9256
887,Benson,Kopmann,bkopmannom@ow.ly,Female,35028 Donald Way,New York City,NY,10131,+1 (212) 672-8024
888,Ddene,,dglendzaon@netscape.com,Male,4 Barnett Street,,,,
889,Myrtice,,mpleasantsoo@nifty.com,Female,2838 Mayfield Place,,,,
890,Sula,,skeaysop@reverbnation.com,,8 Luster Crossing,,,,
891,Queenie,Berndtsson,qberndtssonoq@parallels.com,,372 Clove Plaza,San Francisco,CA,94159,+1 (415) 458-0198
892,Mariel,Mackney,mmackneyor@cnet.com,,34 Corben Hill,Akron,OH,44321,+1 (330) 941-3645
893,Sallie,Dinnington,sdinningtonos@wix.com,,020 Havey Circle,El Paso,TX,88535,+1 (915) 942-1613
894,,Beston,,,,Miami,FL,33147,+1 (305) 886-6555
895,,,,Female,,,,,
896,,O'Beirne,,Female,,Sacramento,CA,95852,+1 (916) 908-9195
897,,Francioli,,Male,,Buffalo,NY,14210,+1 (716) 852-7896
898,,Spoerl,,,,Lawrenceville,GA,30245,+1 (404) 580-5253
899,,Saenz,,Female,,Phoenix,AZ,85072,+1 (602) 694-6384
900,Robin,Waldock,rwaldockoz@reference.com,Female,79631 Redwing Circle,Washington,DC,20099,+1 (202) 165-9766
901,Hettie,Boyles,hboylesp0@t.co,Male,120 Superior Avenue,Salem,OR,97306,+1 (503) 644-9695
902,Dilly,Baltzar,dbaltzarp1@oracle.com,Male,2 Corben Street,Denver,CO,80299,+1 (303) 181-8230
903,Leopold,Jilliss,ljillissp2@last.fm,,2850 Montana Alley,Knoxville,TN,37924,+1 (865) 794-8966
904,Cilka,Fido,cfidop3@bandcamp.com,,55 Texas Terrace,Cambridge,MA,02142,+1 (857) 622-4083
905,Josepha,,jpignonp4@amazon.com,,4 Meadow Ridge Drive,,,,
906,,Greenhill,,Male,,Beaufort,SC,29905,+1 (843) 403-1459
907,Amabel,Fathers,afathersp6@google.co.uk,,5559 Eastlawn Place,Toledo,OH,43656,+1 (419) 438-0061
908,Nancy,Cosser,ncosserp7@naver.com,Female,3 Bowman Avenue,Huntsville,AL,35805,+1 (256) 233-0643
909,Rubia,Cirlos,rcirlosp8@github.io,Female,99107 Gina Lane,Brooklyn,NY,11236,+1 (718) 226-0046
910,Carlie,Polamontayne,cpolamontaynep9@newsvine.com,Female,71 Stang Crossing,Prescott,AZ,86305,+1 (520) 346-3307
911,Chaunce,Guerreiro,cguerreiropa@example.com,,16913 Larry Park,Duluth,GA,30195,+1 (770) 495-9709
912,Arnuad,Sowte,asowtepb@unc.edu,,688 Bashford Crossing,Sarasota,FL,34233,+1 (941) 335-1166
913,,Mc Corley,,Male,,Pittsburgh,PA,15255,+1 (412) 536-8827
914,Lay,Garman,lgarmanpd@who.int,Male,1728 Sycamore Crossing,Tampa,FL,33680,+1 (813) 359-4246
915,,Tromans,,,,Milwaukee,WI,53285,+1 (414) 283-0785
916,Durante,Klossmann,dklossmannpf@ovh.net,,0 Saint Paul Terrace,Lexington,KY,40581,+1 (859) 237-4604
917,Shamus,Flounders,sflounderspg@vimeo.com,Male,658 Village Green Place,Columbus,MS,39705,+1 (662) 199-8091
918,Ardenia,Skelhorne,askelhorneph@chronoengine.com,,75 Northfield Street,San Antonio,TX,78230,+1 (210) 721-3001
919,Morse,Mattsson,mmattssonpi@deviantart.com,Female,68940 Mifflin Road,Redwood City,CA,94064,+1 (650) 935-6567
920,Salomo,De Nisco,sdeniscopj@marriott.com,Male,16426 Trailsway Drive,Pittsburgh,PA,15235,+1 (724) 393-7796
921,,Halladay,,Female,,Canton,OH,44710,+1 (330) 950-2377
922,Paola,,pwellesleypl@prnewswire.com,,59584 Warner Pass,,,,
923,,Mahomet,,Male,,Provo,UT,84605,+1 (801) 351-5214
924,Elmer,Cloney,ecloneypn@arstechnica.com,Female,901 Orin Way,Reading,PA,19610,+1 (484) 208-0482
925,,Glauber,,Female,,Indianapolis,IN,46239,+1 (317) 119-5614
926,Lilllie,Balshen,lbalshenpp@devhub.com,,204 Sunfield Lane,Rochester,NY,14604,+1 (585) 112-8089
927,Cleavland,Yukhtin,cyukhtinpq@ca.gov,,51 Myrtle Point,Charleston,SC,29416,+1 (843) 417-5613
928,Holli,Archanbault,harchanbaultpr@hibu.com,Male,3 Longview Alley,Atlanta,GA,30386,+1 (404) 897-4554
929,Clyve,Kelshaw,ckelshawps@blogspot.com,Male,0058 Victoria Drive,Garland,TX,75044,+1 (469) 646-1107
930,Marlon,Udy,mudypt@google.es,Male,87 Hanover Center,Gatesville,TX,76598,+1 (254) 573-4555
931,Queenie,Clouston,qcloustonpu@nsw.gov.au,,09 High Crossing Lane,Lincoln,NE,68505,+1 (402) 266-1376
932,Eva,Pedrollo,epedrollopv@stumbleupon.com,,9894 Corben Terrace,Lincoln,NE,68583,+1 (402) 141-5330
933,Maynard,Falshaw,mfalshawpw@ow.ly,Male,76549 Killdeer Hill,Portland,OR,97296,+1 (503) 387-6923
934,,Readitt,,Male,,Long Beach,CA,90805,+1 (310) 477-1919
935,,,,,,,,,
936,Loni,Tondeur,ltondeurpz@dmoz.org,Female,2239 Corben Parkway,Warren,MI,48092,+1 (586) 593-1703
937,Roana,Musson,rmussonq0@typepad.com,,734 Monterey Center,Sacramento,CA,94237,+1 (916) 387-1274
938,King,Neathway,kneathwayq1@cocolog-nifty.com,Female,86 Huxley Parkway,New Orleans,LA,70149,+1 (504) 276-9223
939,Babette,Leates,bleatesq2@nydailynews.com,Female,8 Ridgeview Crossing,Washington,DC,20057,+1 (202) 549-6455
940,,Klaaassen,,,,Austin,TX,78759,+1 (512) 439-1295
941,Tammy,Parkins,tparkinsq4@illinois.edu,Male,63591 Northview Pass,Lexington,KY,40596,+1 (859) 744-7514
942,Fawn,Gare,fgareq5@rakuten.co.jp,Male,97 Elgar Terrace,Spring,TX,77386,+1 (281) 295-7737
943,Shea,Siggens,ssiggensq6@gnu.org,,03694 Crest Line Pass,Madison,WI,53716,+1 (608) 146-2603
944,,,,,,,,,
945,,Dilloway,,Male,,Orlando,FL,32803,+1 (407) 457-5857
946,,,,Female,,,,,
947,Margie,Scrauniage,mscrauniageqa@ebay.com,Male,862 Main Street,Monroe,LA,71208,+1 (318) 932-8191
948,Kathye,Bier,kbierqb@a8.net,Female,77900 Kensington Hill,Anaheim,CA,92812,+1 (714) 387-8599
949,Lyell,Ibert,libertqc@cyberchimps.com,,8027 Center Way,Columbus,OH,43226,+1 (614) 335-0313
950,Allyson,Nevill,anevillqd@de.vu,Female,046 Park Meadow Pass,Springfield,MO,65898,+1 (417) 748-4154
951,Gill,Mynett,gmynettqe@istockphoto.com,,514 Leroy Hill,Little Rock,AR,72204,+1 (501) 919-4293
952,Xylia,Dabrowski,xdabrowskiqf@angelfire.com,Male,302 Annamark Circle,Huntington,WV,25705,+1 (304) 467-7435
953,Skipper,,solufsenqg@microsoft.com,Male,36 Reinke Parkway,,,,
954,Chandra,Divina,cdivinaqh@wordpress.org,,65044 Leroy Crossing,Pensacola,FL,32505,+1 (850) 498-9600
955,Fianna,Dunbleton,fdunbletonqi@washington.edu,Male,981 Bluestem Circle,Salt Lake City,UT,84115,+1 (801) 655-8514
956,Natividad,Denmead,ndenmeadqj@cnet.com,Male,4 Menomonie Way,Hampton,VA,23668,+1 (757) 321-0995
957,Gian,,ggreimqk@virginia.edu,Male,93 Pennsylvania Hill,,,,
958,Noak,Burnup,nburnupql@dagondesign.com,,712 Grasskamp Point,Lima,OH,45807,+1 (419) 882-5176
959,Ebony,Stallwood,estallwoodqm@histats.com,,06 Tomscot Circle,Morgantown,WV,26505,+1 (304) 368-8270
960,Tiff,Slafford,tslaffordqn@i2i.jp,,86 Raven Plaza,Las Vegas,NV,89193,+1 (702) 360-6659
961,,,,Male,,,,,
962,Nani,O'Looney,nolooneyqp@mtv.com,Female,160 Ronald Regan Trail,New York City,NY,10014,+1 (212) 839-8673
963,Lorenza,Klesl,lkleslqq@mapquest.com,Female,02321 Troy Pass,Reston,VA,20195,+1 (703) 327-3050
964,Rici,,rworsallqr@vk.com,,1 Sycamore Way,,,,
965,Nina,Rabbe,nrabbeqs@bluehost.com,,18 Russell Pass,Austin,TX,78726,+1 (512) 258-3914
966,Ines,Stainton - Skinn,istaintonskinnqt@odnoklassniki.ru,,99876 Shoshone Alley,Kansas City,MO,64142,+1 (816) 130-4902
967,Olwen,Sculley,osculleyqu@icq.com,,95233 Ruskin Trail,Santa Barbara,CA,93150,+1 (805) 742-2377
968,Prudence,Way,pwayqv@indiegogo.com,Male,0 Shopko Court,Memphis,TN,38119,+1 (615) 917-4524
969,,Seyler,,,,Houston,TX,77271,+1 (713) 855-3122
970,Mil,Marks,mmarksqx@indiegogo.com,Female,7826 Judy Lane,San Bernardino,CA,92415,+1 (909) 719-4657
971,Garret,Garfit,ggarfitqy@csmonitor.com,Female,6907 Hooker Center,Honolulu,HI,96850,+1 (808) 365-2746
972,Bridgette,Sweatland,bsweatlandqz@theatlantic.com,Male,2452 Dunning Alley,El Paso,TX,88558,+1 (915) 986-8828
973,,Seel,,Female,,Chicago,IL,60657,+1 (773) 716-9701
974,Ephrem,Coffee,ecoffeer1@berkeley.edu,Male,55740 Elka Hill,Houston,TX,77299,+1 (713) 660-2714
975,Roseanne,Mathely,rmathelyr2@sina.com.cn,,536 Sutteridge Trail,Boulder,CO,80305,+1 (720) 150-8415
976,,Yetman,,,,White Plains,NY,10606,+1 (845) 213-7426
977,Rudolph,Howship,rhowshipr4@g.co,,2245 Barby Road,Shreveport,LA,71137,+1 (318) 459-7091
978,Dela,Barkshire,dbarkshirer5@timesonline.co.uk,Male,04377 Claremont Street,Bloomington,IN,47405,+1 (812) 171-0797
979,D'arcy,Speir,dspeirr6@ow.ly,,96784 Reinke Crossing,Newark,DE,19725,+1 (302) 286-8044
980,Latashia,Duffy,lduffyr7@taobao.com,,5757 Birchwood Terrace,Richmond,VA,23285,+1 (804) 872-1343
981,Janith,,jcrannellr8@google.fr,Male,80726 Mesta Lane,,,,
982,Noell,Mennithorp,nmennithorpr9@virginia.edu,Female,2 Blue Bill Park Street,Albany,NY,12247,+1 (518) 177-2231
983,Layla,Stowell,lstowellra@usnews.com,Male,8 Ridgeview Circle,San Francisco,CA,94105,+1 (310) 902-8355
984,Madonna,Whetland,mwhetlandrb@rakuten.co.jp,Male,40263 Norway Maple Plaza,Houston,TX,77070,+1 (713) 230-3449
985,,Nanuccioi,,Female,,Saint Louis,MO,63131,+1 (314) 503-5440
986,Codee,Mullan,cmullanrd@mapquest.com,Male,9 Amoth Avenue,Fort Worth,TX,76198,+1 (682) 610-8589
987,Merilyn,Wooster,mwoosterre@marketwatch.com,,89 Spohn Terrace,Van Nuys,CA,91411,+1 (213) 101-1481
988,,,,Male,,,,,
989,Somerset,Bern,sbernrg@merriam-webster.com,Female,302 Haas Drive,Shawnee Mission,KS,66210,+1 (913) 143-6533
990,,Huetson,,Female,,Seattle,WA,98109,+1 (425) 474-5039
991,Reiko,Bertlin,rbertlinri@yellowbook.com,Male,96293 Village Parkway,Pittsburgh,PA,15240,+1 (412) 270-7714
992,Ambros,O'Cullen,aocullenrj@latimes.com,Female,4217 Bobwhite Avenue,Honolulu,HI,96805,+1 (808) 505-5971
993,,Cardo,,Female,,Portland,OR,97255,+1 (971) 655-1892
994,Dolph,,dbellerl@goodreads.com,,78115 Bashford Terrace,,,,
995,Chick,Bridge,cbridgerm@bloomberg.com,,97 Merry Alley,Houston,TX,77201,+1 (713) 968-9116
996,,Sussans,,,,Sunnyvale,CA,94089,+1 (408) 885-5505
997,Pierre,Mugg,pmuggro@bizjournals.com,,3 Pierstorff Crossing,Anderson,IN,46015,+1 (765) 534-3920
998,Laraine,Norcross,lnorcrossrp@ft.com,,57009 Gale Trail,Philadelphia,PA,19104,+1 (267) 218-0941
999,Mignonne,Boggs,mboggsrq@dailymotion.com,,01 Hagan Center,San Antonio,TX,78260,+1 (830) 882-1064
1000,,Campana,,,,Lansing,MI,48919,+1 (517) 597-9335
